country,country,year,estimated_need,kits_distributed,coverage_pct,distribution_events
True,Algeria,2023,7898721.0,3750595,0.47483570765056166,76
True,Namibia,2025,42973.0,29831,0.6941829968743336,2
True,Namibia,2025,506534.0,324875,0.641368635002959,7
True,Namibia,2024,42189.0,27342,0.6480745765249647,2
True,Namibia,2024,495585.0,348859,0.7039340416715648,10
True,Namibia,2023,41469.0,26003,0.627055786856553,3
True,Namibia,2023,485408.0,356385,0.7341963845728935,8
True,Mozambique,2035,1533391.0,463628,0.30235491513060775,11
True,Mozambique,2035,2750547.0,718505,0.2612225909279986,15
True,Mozambique,2034,1484625.0,262454,0.176781255989509,7
True,Namibia,2026,517815.0,353469,0.682616143920671,10
True,Mozambique,2034,2644519.0,499052,0.18871171684988294,13
True,Mozambique,2033,2540637.0,573779,0.2258406768850313,13
True,Mozambique,2032,1388650.0,392099,0.282359796985137,9
True,Mozambique,2032,2439012.0,658438,0.26996115613026395,15
True,Mozambique,2031,1341789.0,223503,0.16657079630612048,7
True,Mozambique,2031,2340092.0,554909,0.23713117312883275,13
True,Mozambique,2030,1295953.0,257714,0.19886037174007973,6
True,Mozambique,2030,2244139.0,629876,0.2806758986365208,16
True,Mozambique,2029,1250367.0,320096,0.2560015663359131,9
True,Mozambique,2029,2149833.0,541543,0.25190017390841,12
True,Mozambique,2033,1436347.0,472126,0.32869933816450164,12
True,Mozambique,2028,1206010.0,327813,0.2718161834837016,9
True,Namibia,2026,43783.0,25008,0.5711803921507875,3
True,Namibia,2027,44600.0,32068,0.7190045677073726,2
True,Niger,2024,281760.0,75322,0.26732519408653577,4
True,Niger,2024,411844.0,93330,0.22661493993440543,3
True,Niger,2023,268637.0,82751,0.30804133936892597,3
True,Niger,2023,391139.0,72465,0.1852659262139547,2
True,Namibia,2035,50927.0,30251,0.5940165052686929,4
True,Namibia,2035,618130.0,390583,0.6318779529298434,11
True,Namibia,2034,50196.0,28261,0.563014311061095,3
True,Namibia,2034,607741.0,429939,0.7074382850186052,10
True,Namibia,2033,49430.0,25089,0.5075728689684962,2
True,Namibia,2027,529201.0,383050,0.7238270174862949,11
True,Namibia,2033,596911.0,411024,0.6885849355324173,11
True,Namibia,2032,585678.0,396609,0.6771800077297216,11
True,Namibia,2031,47819.0,33886,0.7086364509629682,2
True,Namibia,2031,574302.0,372563,0.6487222964504278,10
True,Namibia,2030,47002.0,28973,0.6164188316030974,4
True,Namibia,2030,562873.0,350380,0.622484742307729,10
True,Namibia,2029,46226.0,30649,0.6630336882911954,2
True,Namibia,2029,551931.0,372389,0.674701509314137,8
True,Namibia,2028,45410.0,30415,0.6697901766718705,4
True,Namibia,2028,540521.0,334432,0.6187218649245235,9
True,Namibia,2032,48630.0,30708,0.6314692833956947,2
True,Mozambique,2028,2058828.0,692543,0.3363771585050356,16
True,Mozambique,2027,1163515.0,415507,0.3571135179305932,10
True,Mozambique,2027,1972117.0,490628,0.24878227038695086,11
True,Morocco,2027,5942618.0,3208326,0.5398843263424762,65
True,Morocco,2026,1834075.0,799556,0.43594498535570225,17
True,Morocco,2026,5890708.0,2355806,0.3999189995052542,48
True,Morocco,2025,1827612.0,760105,0.41590078760011007,18
True,Morocco,2025,5835186.0,2553717,0.43764113087397016,54
True,Morocco,2024,1819632.0,633074,0.34791325657878547,14
True,Morocco,2024,5775086.0,2658960,0.46041914039737764,54
True,Morocco,2023,1812612.0,818112,0.45134429194972653,18
True,Morocco,2023,5718255.0,2510038,0.4389517913085168,52
True,Morocco,2027,1839388.0,886663,0.4820421430633505,20
True,Mauritius,2035,19019.0,13197,0.6938681145287836,1
True,Mauritius,2034,19164.0,11347,0.592081765540373,3
True,Mauritius,2034,214060.0,139100,0.6498198730454716,5
True,Mauritius,2033,19320.0,12512,0.647614432192901,3
True,Mauritius,2033,215549.0,129685,0.6016511928435394,4
True,Mauritius,2032,19493.0,13085,0.6712728780892483,2
True,Mauritius,2032,217250.0,149748,0.6892900079325417,4
True,Mauritius,2031,19693.0,13549,0.6880207328072149,1
True,Mauritius,2031,219278.0,125165,0.5708048588257139,6
True,Mauritius,2030,19918.0,10533,0.5288060336685522,1
True,Mauritius,2035,212696.0,154241,0.7251699150883576,5
True,Morocco,2028,5992423.0,2525453,0.42144105051086017,53
True,Morocco,2028,1843997.0,882591,0.47862913906780796,20
True,Morocco,2029,6036943.0,3139016,0.5199677718293001,64
True,Mozambique,2026,1122785.0,248489,0.22131499980307104,8
True,Mozambique,2026,1889512.0,521773,0.276141774401775,11
True,Mozambique,2025,1080986.0,293172,0.2712082973200958,8
True,Mozambique,2025,1806203.0,422620,0.23398263459028398,9
True,Mozambique,2024,1040549.0,234962,0.2258057082972839,7
True,Mozambique,2024,1726228.0,375332,0.21742909981927758,11
True,Mozambique,2023,1001914.0,260393,0.2598955391731324,8
True,Mozambique,2023,1650258.0,555804,0.33679819015826246,12
True,Morocco,2035,1838930.0,764150,0.4155406090955216,18
True,Morocco,2035,6215365.0,3441839,0.5537630436312633,71
True,Morocco,2034,1843114.0,847611,0.45987998023462,19
True,Morocco,2034,6195772.0,3196211,0.5158697032817163,65
True,Morocco,2033,1846331.0,781438,0.4232382394219716,18
True,Morocco,2033,6172600.0,3101593,0.5024776357659668,64
True,Morocco,2032,1848639.0,890598,0.4817585900840985,20
True,Morocco,2032,6146093.0,3040839,0.49475966100138663,62
True,Morocco,2031,1849877.0,868840,0.4696742692710875,18
True,Morocco,2031,6115780.0,2965610,0.4849111656806795,61
True,Morocco,2030,1849562.0,772475,0.41765316111472134,17
True,Morocco,2030,6080142.0,2754192,0.4529815184960087,56
True,Morocco,2029,1846983.0,916531,0.49623168414563845,21
True,Niger,2025,434718.0,107660,0.24765397105604078,4
True,Niger,2025,296150.0,81101,0.2738520413611561,3
True,Niger,2026,459135.0,116547,0.2538410945530128,5
True,Niger,2026,311352.0,57865,0.18585038879057153,4
True,Rwanda,2035,740308.0,179523,0.24249722064837365,7
True,Rwanda,2034,570593.0,181897,0.318785340665581,5
True,Rwanda,2034,721663.0,169679,0.2351218248320004,5
True,Rwanda,2033,560179.0,159684,0.2850586371155449,5
True,Rwanda,2033,703497.0,196888,0.2798700034924929,6
True,Rwanda,2032,549673.0,103679,0.18861960924315038,4
True,Rwanda,2032,685664.0,212195,0.30947352444623205,6
True,Rwanda,2031,539006.0,160734,0.2982043584144179,5
True,Rwanda,2031,668084.0,158865,0.23779216823546756,5
True,Rwanda,2035,580987.0,148895,0.25627882267357716,5
True,Rwanda,2030,528107.0,144002,0.272676715075699,5
True,Rwanda,2029,516976.0,140150,0.2710960377117642,4
True,Rwanda,2029,633333.0,168510,0.26606786077251365,5
True,Rwanda,2028,505325.0,134638,0.266438120515174,4
True,Rwanda,2028,615769.0,151968,0.24679308267035036,5
True,Rwanda,2027,493757.0,104818,0.2122862074990321,3
True,Rwanda,2027,598678.0,158729,0.26513177326195164,6
True,Rwanda,2026,481721.0,92819,0.1926827303490656,4
True,Rwanda,2026,581379.0,192827,0.3316715766150548,7
True,Rwanda,2025,470277.0,90693,0.19284975436347582,4
True,Rwanda,2030,650642.0,215158,0.3306855634529324,6
True,Sao Tome and Principe,2023,1156.0,510,0.44134640878580655,3
True,Sao Tome and Principe,2023,371.0,167,0.4507789523790734,2
True,Sao Tome and Principe,2024,1187.0,469,0.3951862456552399,2
True,Sao Tome and Principe,2034,432.0,207,0.478195456002618,2
True,Sao Tome and Principe,2034,1455.0,755,0.5192136409255259,1
True,Sao Tome and Principe,2033,427.0,244,0.5719876203169636,1
True,Sao Tome and Principe,2033,1430.0,717,0.501128521600482,3
True,Sao Tome and Principe,2032,422.0,155,0.3677300626521554,1
True,Sao Tome and Principe,2032,1405.0,535,0.3805213766618202,2
True,Sao Tome and Principe,2031,417.0,235,0.564547128629537,2
True,Sao Tome and Principe,2031,1381.0,449,0.3250297142563214,3
True,Sao Tome and Principe,2030,412.0,179,0.4337584308245689,3
True,Sao Tome and Principe,2030,1357.0,677,0.4990882743495797,1
True,Sao Tome and Principe,2029,407.0,229,0.5626217902672155,2
True,Sao Tome and Principe,2029,1332.0,554,0.4155924827411138,3
True,Sao Tome and Principe,2028,402.0,201,0.5004908544671317,3
True,Sao Tome and Principe,2028,1306.0,695,0.5321007580068184,2
True,Sao Tome and Principe,2027,397.0,152,0.3838455103296251,1
True,Sao Tome and Principe,2027,1279.0,535,0.4180519126155249,3
True,Sao Tome and Principe,2026,391.0,134,0.34233049431981427,1
True,Sao Tome and Principe,2026,1251.0,501,0.40043038252718466,1
True,Sao Tome and Principe,2025,385.0,157,0.4076519325840836,3
True,Sao Tome and Principe,2025,1219.0,646,0.5297252531612486,1
True,Sao Tome and Principe,2024,378.0,143,0.37799745587028527,1
True,Rwanda,2025,565139.0,159333,0.28193651110145923,5
True,Mauritius,2030,221580.0,139016,0.6273846840375462,4
True,Rwanda,2024,458570.0,141859,0.309351515278019,4
True,Rwanda,2023,446892.0,135199,0.3025327198003806,6
True,Nigeria,2023,7327064.0,3316209,0.452597294290365,69
True,Nigeria,2023,23948235.0,11647978,0.486381477181849,235
True,Niger,2035,495148.0,122865,0.2481388881745079,3
True,Niger,2035,773062.0,190498,0.2464199370292968,6
True,Niger,2034,470329.0,112965,0.2401825075457511,3
True,Niger,2034,728693.0,172735,0.23704789270896484,5
True,Niger,2033,446689.0,117005,0.26193945795132567,5
True,Niger,2033,686986.0,207136,0.3015141727015921,6
True,Niger,2032,424188.0,115168,0.2715020823595535,5
True,Nigeria,2024,24873012.0,12104004,0.486632003860779,243
True,Niger,2032,647804.0,174322,0.26909677261157766,4
True,Niger,2031,611000.0,142924,0.23391824743913087,5
True,Niger,2030,382468.0,88938,0.23253711478407857,5
True,Niger,2030,576517.0,134079,0.23256739327960704,6
True,Niger,2029,363135.0,106221,0.29251108710567464,4
True,Niger,2029,544089.0,176850,0.32503798953171553,5
True,Niger,2028,344855.0,78832,0.22859424195170436,5
True,Niger,2028,513783.0,88458,0.17217090506701244,3
True,Niger,2027,327614.0,73815,0.2253121708419344,3
True,Niger,2027,485512.0,145563,0.299813340972357,5
True,Niger,2031,402774.0,142517,0.353837399178042,4
True,Nigeria,2024,7552519.0,3368153,0.4459641709945709,70
True,Nigeria,2025,25842678.0,11730812,0.45393175951580456,238
True,Nigeria,2025,7789212.0,2726925,0.35008996577339463,56
True,Rwanda,2023,532975.0,138603,0.2600549523357484,4
True,Nigeria,2035,10312647.0,4610981,0.44711906014832076,93
True,Nigeria,2035,36438733.0,20776301,0.5701707792619137,418
True,Nigeria,2034,10037433.0,4700008,0.4682480501233113,95
True,Nigeria,2034,35276137.0,16139572,0.45752094525717885,325
True,Nigeria,2033,9767416.0,4637414,0.47478409439863023,95
True,Nigeria,2033,34135745.0,16846106,0.4935033865344377,339
True,Nigeria,2032,9502190.0,4379290,0.46087164365898614,89
True,Nigeria,2032,33017039.0,14542879,0.4404658799618327,294
True,Nigeria,2031,9242178.0,5043471,0.5457015676933393,104
True,Nigeria,2031,31921359.0,13369034,0.41881155196520975,268
True,Nigeria,2030,8986266.0,3570506,0.3973292218413172,73
True,Nigeria,2030,30845355.0,14825471,0.4806386952531285,299
True,Nigeria,2029,8737782.0,3477678,0.3980047036437235,73
True,Nigeria,2029,29801173.0,15061785,0.5054091408368758,302
True,Nigeria,2028,8494888.0,3763410,0.44302051859224134,76
True,Nigeria,2028,28781918.0,15957235,0.5544187352390364,322
True,Nigeria,2027,8255247.0,2519396,0.30518723109031554,53
True,Nigeria,2027,27780341.0,13887407,0.4999005054929826,281
True,Nigeria,2026,8017929.0,3746974,0.46732442379489963,78
True,Nigeria,2026,26793764.0,13284787,0.4958163837351241,267
True,Rwanda,2024,548888.0,167562,0.3052762966478992,5
True,Sao Tome and Principe,2035,1482.0,711,0.4797377170832643,3
True,Mauritius,2029,20148.0,11193,0.5555229634527235,2
True,Mauritius,2028,20378.0,12581,0.6173688010348805,3
True,Libya,2032,1726558.0,1068468,0.6188429736787618,24
True,Libya,2031,132339.0,82507,0.6234501522499092,3
True,Libya,2031,1719246.0,1062688,0.6181130007874343,22
True,Libya,2030,131929.0,101950,0.7727650069955447,3
True,Libya,2030,1711950.0,1137520,0.6644584321953909,25
True,Libya,2029,131550.0,88747,0.6746225632004075,3
True,Libya,2029,1705030.0,1122460,0.6583226104106529,23
True,Libya,2028,131130.0,87742,0.6691204873092026,3
True,Libya,2028,1697560.0,1008120,0.5938638989218851,23
True,Libya,2032,132750.0,82601,0.6222261440419873,3
True,Libya,2027,130569.0,89275,0.6837409746083302,3
True,Libya,2026,129875.0,83029,0.6393005577887245,3
True,Libya,2026,1677259.0,1172767,0.6992161199238293,25
True,Libya,2025,129137.0,77493,0.6000822979630605,5
True,Libya,2025,1665682.0,1211825,0.7275250246407039,27
True,Libya,2024,128419.0,84976,0.661710736626826,4
True,Libya,2024,1654345.0,1072455,0.648265755630661,23
True,Libya,2023,127422.0,77933,0.6116101217447936,5
True,Libya,2023,1639440.0,983325,0.5997929616623966,23
True,Liberia,2035,240373.0,49052,0.2040674026757901,4
True,Libya,2027,1688279.0,1093206,0.6475268145173784,25
True,Liberia,2035,497229.0,90882,0.18277747444828613,4
True,Libya,2033,1734754.0,1072305,0.6181306436346742,24
True,Libya,2034,1743002.0,1256748,0.7210252123994928,26
True,Madagascar,2031,1536528.0,381587,0.24834365135631015,11
True,Madagascar,2030,819265.0,174875,0.21345349800290403,4
True,Madagascar,2030,1483101.0,268492,0.18103403859927364,8
True,Madagascar,2029,796392.0,167310,0.2100851377730773,5
True,Madagascar,2029,1431119.0,345118,0.24115263862529754,9
True,Madagascar,2028,773661.0,271176,0.35051022693831746,8
True,Madagascar,2028,1379910.0,390414,0.28292721363364154,9
True,Madagascar,2027,751344.0,200401,0.26672283949935127,6
True,Madagascar,2027,1329940.0,351494,0.26429326953624527,9
True,Libya,2033,133230.0,94520,0.7094508265553776,3
True,Madagascar,2026,729532.0,168241,0.2306149220032008,5
True,Madagascar,2025,708274.0,240667,0.3397938836547761,7
True,Madagascar,2025,1234326.0,404088,0.3273752600665031,10
True,Madagascar,2024,686902.0,119667,0.17421279425013841,4
True,Madagascar,2024,1187607.0,308951,0.260146151042565,8
True,Madagascar,2023,665472.0,187428,0.28164659088777555,7
True,Madagascar,2023,1141313.0,253815,0.22238884778595142,8
True,Libya,2035,134137.0,90351,0.6735707778193202,3
True,Libya,2035,1750434.0,1064933,0.6083822213447886,24
True,Libya,2034,133714.0,83098,0.6214626853125262,4
True,Madagascar,2026,1281395.0,281088,0.2193605654757807,8
True,Liberia,2034,234573.0,55338,0.23591076955697463,4
True,Liberia,2034,482729.0,110540,0.2289906591452071,5
True,Liberia,2033,228959.0,51254,0.22385699864233657,2
True,Lesotho,2033,197036.0,83582,0.4241977635891313,4
True,Lesotho,2033,444602.0,220929,0.4969141902987999,6
True,Lesotho,2032,195747.0,88377,0.4514878069747872,3
True,Lesotho,2032,439004.0,198173,0.451415918806523,7
True,Lesotho,2031,194294.0,94053,0.48407503486863124,5
True,Lesotho,2031,433137.0,194055,0.44802224230716725,6
True,Lesotho,2030,192680.0,96852,0.5026576426666451,5
True,Lesotho,2030,427015.0,169075,0.39594717297958687,4
True,Lesotho,2029,190842.0,73696,0.3861625712089845,4
True,Lesotho,2034,449943.0,204637,0.4548060388470492,6
True,Lesotho,2029,420502.0,194936,0.46357894185976867,5
True,Lesotho,2028,413702.0,195053,0.4714809109566293,5
True,Lesotho,2027,186579.0,68466,0.36695195332420044,2
True,Lesotho,2027,406513.0,181505,0.44649171442706764,7
True,Lesotho,2026,184315.0,87173,0.4729590039614219,3
True,Lesotho,2026,399391.0,196379,0.4916961077274452,5
True,Lesotho,2025,181958.0,91714,0.5040390362777311,3
True,Lesotho,2025,392181.0,187458,0.477989522396552,5
True,Lesotho,2024,179396.0,86205,0.4805292872641912,5
True,Lesotho,2024,384638.0,180399,0.4690098925502982,7
True,Lesotho,2028,188825.0,86932,0.46038438435815554,3
True,Lesotho,2034,198169.0,84596,0.42688623556474786,4
True,Lesotho,2035,455037.0,194881,0.4282751886283842,7
True,Lesotho,2035,199152.0,86540,0.43454139382656803,4
True,Liberia,2033,468731.0,154202,0.3289786072865356,5
True,Liberia,2032,223460.0,72104,0.32266922385588503,3
True,Liberia,2032,455082.0,103633,0.2277248739299614,4
True,Liberia,2031,217981.0,50541,0.23185807197801706,3
True,Liberia,2031,441596.0,161158,0.36494490618096254,5
True,Liberia,2030,212524.0,68107,0.320467372009279,3
True,Liberia,2030,428285.0,95994,0.2241355774949814,5
True,Liberia,2029,207332.0,62878,0.30327401875326754,2
True,Liberia,2029,415634.0,105619,0.25411419946377123,4
True,Liberia,2028,202165.0,59534,0.29448153978117186,3
True,Liberia,2028,403165.0,106175,0.26335251329346293,5
True,Liberia,2027,196948.0,34608,0.1757219813481514,4
True,Liberia,2027,390718.0,117838,0.30159222697343174,3
True,Liberia,2026,191657.0,49798,0.25982773882557875,2
True,Liberia,2026,378259.0,121931,0.32234889421768664,4
True,Liberia,2025,186179.0,42451,0.22801344708629126,2
True,Liberia,2025,365560.0,87974,0.24065641779193206,3
True,Liberia,2024,180570.0,37066,0.2052696348890248,3
True,Liberia,2024,352741.0,110333,0.31278780627867603,5
True,Liberia,2023,175010.0,39563,0.22606256891682613,4
True,Liberia,2023,340156.0,88817,0.2611066885816856,5
True,Madagascar,2031,842676.0,286281,0.33972789317588936,9
True,Madagascar,2032,1590834.0,356537,0.22411943504819143,9
True,Madagascar,2032,866311.0,226271,0.2611893975819449,8
True,Madagascar,2033,1646014.0,410152,0.2491788551963624,11
True,Mauritania,2028,196455.0,81608,0.4154045965059378,5
True,Mauritania,2028,626566.0,234163,0.3737237414537631,6
True,Mauritania,2027,191563.0,75954,0.3964957616836924,3
True,Mauritania,2027,606356.0,328846,0.5423318498023832,9
True,Mauritania,2026,186810.0,83138,0.4450412068110309,3
True,Mauritania,2026,586737.0,283107,0.4825100588979331,9
True,Mauritania,2025,182132.0,89905,0.49362286641400727,3
True,Mauritania,2025,567512.0,219051,0.3859847800664553,7
True,Mauritania,2024,177222.0,74752,0.4217960684631636,2
True,Mauritania,2029,646898.0,289630,0.4477206991822251,9
True,Mauritania,2024,547732.0,253156,0.46219003568855993,6
True,Mauritania,2023,527198.0,210320,0.3989383591434643,7
True,Mali,2035,970851.0,218342,0.22489728878236945,5
True,Mali,2035,1902066.0,517363,0.2720007225026666,11
True,Mali,2034,934527.0,130890,0.14005970216899588,6
True,Mali,2034,1820027.0,323236,0.1775993049791878,9
True,Mali,2033,899174.0,309368,0.3440578534720295,8
True,Mali,2033,1740352.0,386776,0.22224002366534007,11
True,Mali,2032,864860.0,213372,0.24671248694635062,5
True,Mali,2032,1663211.0,545993,0.32827620146171704,14
True,Mauritania,2023,172004.0,83494,0.48541782236496767,3
True,Mauritania,2029,201339.0,93052,0.4621669724661346,3
True,Mauritania,2030,667438.0,292297,0.4379381971071835,8
True,Mauritania,2030,206244.0,96440,0.46760276982571486,3
True,Mauritius,2028,226359.0,156648,0.6920321774494362,5
True,Mauritius,2027,20603.0,12690,0.615947417126256,1
True,Mauritius,2027,228705.0,150123,0.6564052207455395,4
True,Mauritius,2026,20804.0,12034,0.5784612448940976,2
True,Mauritius,2026,230820.0,149570,0.6479921024677828,6
True,Mauritius,2025,20972.0,15520,0.7400470216455408,1
True,Mauritius,2025,232568.0,143304,0.6161803848970365,4
True,Mauritius,2024,21103.0,15236,0.7220058607724736,2
True,Mauritius,2024,233931.0,151006,0.6455132152856387,4
True,Mauritius,2023,21193.0,14527,0.6854501878794257,1
True,Mauritius,2023,234862.0,154968,0.6598260584850735,6
True,Mauritania,2035,232560.0,120107,0.5164576265066216,3
True,Mauritania,2035,777785.0,374998,0.4821361379933772,10
True,Mauritania,2034,227165.0,107309,0.47238542800086575,4
True,Mauritania,2034,755062.0,361288,0.4784883640116102,9
True,Mauritania,2033,221839.0,104894,0.4728376609576892,5
True,Mauritania,2033,732671.0,342257,0.46713626731888525,10
True,Mauritania,2032,216585.0,109563,0.5058647915794064,3
True,Mauritania,2032,710625.0,316862,0.44589244108037157,9
True,Mauritania,2031,211400.0,110391,0.522188230203663,4
True,Mauritania,2031,688919.0,266903,0.3874230287904778,6
True,Mali,2031,831608.0,223587,0.268860593753226,5
True,Mauritius,2029,223967.0,140582,0.627690828339261,5
True,Mali,2031,1588696.0,352776,0.22205390763642058,8
True,Mali,2030,1516684.0,469796,0.30975233144624215,12
True,Malawi,2030,1036993.0,321805,0.31032544832541786,9
True,Malawi,2029,893518.0,229934,0.25733568432166615,6
True,Malawi,2029,1004273.0,242677,0.2416440959841573,7
True,Malawi,2028,870771.0,245937,0.2824354943794821,7
True,Malawi,2028,972252.0,310253,0.3191079495518764,8
True,Malawi,2027,847182.0,261326,0.3084647795222836,7
True,Malawi,2027,939932.0,285113,0.3033337344794577,7
True,Malawi,2026,822928.0,226605,0.2753637015553649,7
True,Malawi,2026,907486.0,264100,0.2910241090598682,6
True,Malawi,2030,916283.0,191644,0.2091532164506382,6
True,Malawi,2025,797997.0,243736,0.3054351790291454,8
True,Malawi,2024,773104.0,179387,0.23203539546064703,7
True,Malawi,2024,842938.0,235345,0.2791964092662982,6
True,Malawi,2023,746323.0,255493,0.34233536628680167,6
True,Malawi,2023,809458.0,229963,0.2840945744813156,8
True,Madagascar,2035,938597.0,283652,0.3022080438534536,9
True,Madagascar,2035,1758994.0,396702,0.22552802787408888,10
True,Madagascar,2034,914283.0,204303,0.22345656135398395,6
True,Madagascar,2034,1702002.0,640543,0.3763466212936811,15
True,Madagascar,2033,890189.0,275442,0.3094196636724042,8
True,Malawi,2025,874903.0,244564,0.2795327415346155,6
True,Malawi,2031,1068832.0,286910,0.26843366544364505,7
True,Malawi,2031,937655.0,215973,0.23033305938363197,6
True,Malawi,2032,1101305.0,276909,0.2514372411467409,7
True,Mali,2029,768272.0,165174,0.21499395925304132,5
True,Mali,2029,1447448.0,371485,0.2566484837073438,8
True,Mali,2028,738106.0,146643,0.19867423502944698,4
True,Mali,2028,1380567.0,419253,0.3036815874929886,11
True,Mali,2027,709208.0,184185,0.2597044996449154,6
True,Mali,2027,1316676.0,299779,0.2276783192724736,7
True,Mali,2026,680866.0,176569,0.2593304561578179,7
True,Mali,2026,1254432.0,351736,0.28039482548582695,8
True,Mali,2025,653830.0,172579,0.26395107628851694,6
True,Mali,2025,1195203.0,293106,0.2452352233806524,9
True,Mali,2024,627111.0,206240,0.3288726639881737,6
True,Mali,2024,1137185.0,298476,0.2624691841855378,8
True,Mali,2023,601117.0,156866,0.2609575163831969,6
True,Mali,2023,1081103.0,253639,0.23461108825234997,6
True,Malawi,2035,1023902.0,366724,0.358162736165273,10
True,Malawi,2035,1204210.0,339917,0.28227420905705375,10
True,Malawi,2034,1001888.0,287855,0.28731267830136104,7
True,Malawi,2034,1168834.0,212736,0.18200719295100404,5
True,Malawi,2033,980311.0,247354,0.25232182740780745,8
True,Malawi,2033,1134556.0,294480,0.25955495340099516,7
True,Malawi,2032,958964.0,301040,0.31392259313036497,7
True,Mali,2030,799370.0,138963,0.17384065476081126,5
True,Lesotho,2023,176953.0,67814,0.38323278206449496,3
True,Sao Tome and Principe,2035,438.0,216,0.49267077793901537,3
True,Senegal,2023,649881.0,301583,0.4640595711984688,8
True,Uganda,2025,3542269.0,935616,0.264128997524415,20
True,Uganda,2025,4152478.0,1003421,0.24164391431067941,21
True,Uganda,2024,3429491.0,757390,0.22084612807155307,18
True,Uganda,2024,3985938.0,1167974,0.29302367441798727,24
True,Uganda,2023,3315887.0,964216,0.29078686062696485,22
True,Uganda,2023,3821123.0,1014013,0.26537033489045503,21
True,Tunisia,2035,701553.0,305989,0.436159335005554,9
True,Tunisia,2035,2415258.0,1060147,0.4389373188207114,22
True,Tunisia,2034,705890.0,278713,0.39483958171391587,9
True,Uganda,2026,4327018.0,1027950,0.23756544369082264,24
True,Tunisia,2034,2418905.0,1337196,0.5528103564970162,28
True,Tunisia,2033,2419771.0,962487,0.39775954029894833,21
True,Tunisia,2032,712027.0,290535,0.4080395166330497,7
True,Tunisia,2032,2417586.0,1043798,0.43175236352285573,22
True,Tunisia,2031,713690.0,359432,0.5036253668654901,8
True,Tunisia,2031,2412268.0,1150446,0.47691480395248165,24
True,Tunisia,2030,714244.0,339546,0.4753917878144812,10
True,Tunisia,2030,2403331.0,1265170,0.5264234213206266,27
True,Tunisia,2029,713881.0,330834,0.4634296139431629,8
True,Tunisia,2029,2391434.0,1082962,0.45285065624485427,23
True,Tunisia,2033,709411.0,249487,0.35168217053119993,7
True,Tunisia,2028,712732.0,353794,0.4963920064040619,9
True,Uganda,2026,3659511.0,1208983,0.33036727880099964,26
True,Uganda,2027,3778178.0,1083369,0.2867438893024909,24
True,State of Palestine,2024,96486.0,65964,0.6836590675634979,2
True,State of Palestine,2024,1219584.0,871378,0.7144876377041374,20
True,State of Palestine,2023,93863.0,62800,0.6690579192441389,2
True,State of Palestine,2023,1184962.0,814859,0.6876670810552267,17
True,Uganda,2035,4797729.0,777049,0.1619618620422091,17
True,Uganda,2035,6132940.0,1706647,0.2782754822815772,36
True,Uganda,2034,4668004.0,1774234,0.38008415570901977,38
True,Uganda,2034,5915947.0,1550201,0.26203765897442843,32
True,Uganda,2033,4537083.0,1520425,0.33511074723176193,33
True,Uganda,2027,4506124.0,1237151,0.27454874758191256,28
True,Uganda,2033,5700462.0,1513140,0.2654416506299482,33
True,Uganda,2032,5488508.0,1711943,0.3119141535716818,36
True,Uganda,2031,4277231.0,1194708,0.27931820093775467,26
True,Uganda,2031,5281504.0,1180781,0.22356916591251216,25
True,Uganda,2030,4150175.0,902381,0.21743215531040855,20
True,Uganda,2030,5080285.0,1371598,0.2699843975876321,29
True,Uganda,2029,4025413.0,745339,0.18515840260220767,18
True,Uganda,2029,4884971.0,1265457,0.25905107793518534,28
True,Uganda,2028,3898693.0,1203424,0.30867369287426627,27
True,Uganda,2028,4690269.0,1328022,0.2831440634333706,28
True,Uganda,2032,4406451.0,1106299,0.2510635788368031,23
True,Tunisia,2028,2377146.0,993229,0.41782408848099284,21
True,Tunisia,2027,711503.0,397197,0.5582501172450542,11
True,Tunisia,2027,2362748.0,1117094,0.4727943886040804,24
True,Togo,2027,593267.0,186931,0.3150870644699399,6
True,Togo,2026,311238.0,82467,0.2649646290203246,5
True,Togo,2026,573143.0,164552,0.28710476860046535,4
True,Togo,2025,302450.0,66453,0.21971425384983306,2
True,Togo,2025,553438.0,198056,0.35786541066327515,6
True,Togo,2024,293743.0,66270,0.22560442959271487,4
True,Togo,2024,534107.0,151631,0.28389629356696344,5
True,Togo,2023,285269.0,97362,0.34130048567734683,5
True,Togo,2023,515412.0,113246,0.2197192230131568,4
True,Togo,2027,320139.0,105030,0.3280755598363426,4
True,United Republic of Tanzania,2035,3558249.0,1786224,0.5019952343698039,38
True,United Republic of Tanzania,2034,3466302.0,1523557,0.4395338161424067,33
True,United Republic of Tanzania,2034,9253246.0,4844616,0.5235585163746804,100
True,United Republic of Tanzania,2033,3375301.0,1246573,0.36932193010616293,26
True,United Republic of Tanzania,2033,8941540.0,3410348,0.3814049428534322,69
True,United Republic of Tanzania,2032,3285083.0,1759443,0.5355854240071172,37
True,United Republic of Tanzania,2032,8635242.0,3811187,0.44135269700382884,77
True,United Republic of Tanzania,2031,3195172.0,1296473,0.40575986429865496,28
True,United Republic of Tanzania,2031,8333293.0,3565282,0.4278358874404245,74
True,United Republic of Tanzania,2030,3105799.0,1252682,0.4033366020463402,27
True,United Republic of Tanzania,2035,9570810.0,3986686,0.4165463630670042,83
True,Togo,2028,613905.0,154459,0.2516002074532883,4
True,Togo,2028,329194.0,69897,0.21232910648269082,2
True,Togo,2029,635107.0,173383,0.27299860714695584,6
True,Tunisia,2026,709771.0,339137,0.477811500470033,10
True,Tunisia,2026,2346935.0,1211980,0.5164097070924529,27
True,Tunisia,2025,707851.0,309655,0.43745834917724763,7
True,Tunisia,2025,2330730.0,1011225,0.4338660080578932,22
True,Tunisia,2024,705471.0,370419,0.5250666825977743,10
True,Tunisia,2024,2313270.0,876520,0.3789094666629078,21
True,Tunisia,2023,703362.0,289898,0.412160245571527,9
True,Tunisia,2023,2296932.0,1148012,0.49980238429029084,25
True,Togo,2035,396335.0,113331,0.28594766553325335,5
True,Togo,2035,771740.0,238688,0.3092852077331498,6
True,Togo,2034,386363.0,106958,0.2768326376263643,3
True,Togo,2034,747789.0,147804,0.19765445086590303,6
True,Togo,2033,376519.0,81763,0.2171552860514302,3
True,Togo,2033,724306.0,224550,0.31002069539722127,7
True,Togo,2032,366784.0,73877,0.20141929807446743,2
True,Togo,2032,701262.0,128081,0.18264368552351518,4
True,Togo,2031,357152.0,92586,0.2592340152932454,4
True,Togo,2031,678634.0,157263,0.23173392243439456,4
True,Togo,2030,347627.0,89280,0.2568267665541369,3
True,Togo,2030,656448.0,230196,0.3506693623763312,8
True,Togo,2029,338434.0,73140,0.2161142315123947,2
True,State of Palestine,2025,1253234.0,805926,0.6430772008008113,17
True,State of Palestine,2025,99023.0,58303,0.5887850881855318,2
True,State of Palestine,2026,1287797.0,823609,0.6395488371356988,19
True,State of Palestine,2026,101624.0,61734,0.607473977289535,3
True,Zambia,2035,3119486.0,1454175,0.46615838570923906,30
True,Zambia,2034,1041794.0,376690,0.36157803172185743,9
True,Zambia,2034,3028983.0,1384379,0.4570443123455602,30
True,Zambia,2033,1017950.0,401092,0.3940191283355494,11
True,Zambia,2033,2939836.0,1251069,0.4255575289106863,27
True,Zambia,2032,994215.0,524113,0.5271621764136094,11
True,Zambia,2032,2852042.0,1552165,0.5442293152967305,32
True,Zambia,2031,970511.0,489562,0.5044374309852093,12
True,Zambia,2031,2765393.0,1192962,0.4313896611964474,27
True,Zambia,2035,1065754.0,471724,0.4426198706850666,11
True,Zambia,2030,946615.0,380566,0.40202803816382604,11
True,Zambia,2029,923010.0,442219,0.4791048851734308,12
True,Zambia,2029,2595044.0,1326202,0.5110516847762676,30
True,Zambia,2028,898769.0,487766,0.5427046283167094,13
True,Zambia,2028,2510135.0,1001018,0.39879065878353975,22
True,Zambia,2027,875236.0,421462,0.4815405842277389,9
True,Zambia,2027,2428241.0,1276459,0.5256724871621066,27
True,Zambia,2026,850671.0,377624,0.44391262458083586,11
True,Zambia,2026,2344589.0,1045372,0.4458659657078651,24
True,Zambia,2025,826034.0,294624,0.356673169146347,8
True,Zambia,2030,2679276.0,1175334,0.4386757950575084,26
True,Zimbabwe,2023,2361308.0,1007566,0.4266981749065879,22
True,Zimbabwe,2023,1047972.0,388027,0.37026484663666026,9
True,Zimbabwe,2024,2426950.0,1154452,0.47568000532848587,25
True,Zimbabwe,2034,1286638.0,527317,0.4098410524659828,14
True,Zimbabwe,2034,3011516.0,1492746,0.49567923131166247,31
True,Zimbabwe,2033,1270889.0,595244,0.46836827534080894,14
True,Zimbabwe,2033,2959060.0,1298069,0.43867605540492366,28
True,Zimbabwe,2032,1254672.0,512729,0.40865598229800704,13
True,Zimbabwe,2032,2907086.0,1180570,0.40610087066217193,27
True,Zimbabwe,2031,1237559.0,544299,0.4398163124911517,14
True,Zimbabwe,2031,2854494.0,1270228,0.4449922961760024,26
True,Zimbabwe,2030,1218712.0,623184,0.5113466611942153,15
True,Zimbabwe,2030,2799367.0,1366942,0.4883040139192345,28
True,Zimbabwe,2029,1197505.0,556947,0.4650895949909733,12
True,Zimbabwe,2029,2740195.0,1096299,0.4000807280405854,24
True,Zimbabwe,2028,1174410.0,556011,0.4734387128037512,13
True,Zimbabwe,2028,2678114.0,1124512,0.41988939698191097,23
True,Zimbabwe,2027,1152039.0,492088,0.4271451871706864,11
True,Zimbabwe,2027,2619006.0,1396095,0.5330629607273936,30
True,Zimbabwe,2026,1128081.0,607599,0.5386125798334872,13
True,Zimbabwe,2026,2557497.0,1147355,0.4486242547474682,25
True,Zimbabwe,2025,1101525.0,337493,0.3063868893359175,9
True,Zimbabwe,2025,2491322.0,975363,0.3915041582144856,22
True,Zimbabwe,2024,1075262.0,455228,0.42336495801690444,10
True,Zambia,2025,2261793.0,936742,0.4141588839698598,21
True,United Republic of Tanzania,2030,8036292.0,3605360,0.44863477302450344,75
True,Zambia,2024,801106.0,352741,0.4403170270360141,10
True,Zambia,2023,775983.0,406519,0.5238765040527631,10
True,Yemen,2023,942046.0,216688,0.23001819071926988,6
True,Yemen,2023,1552173.0,522071,0.33634819256167026,13
True,State of Palestine,2035,124297.0,78476,0.6313583423954117,5
True,State of Palestine,2035,1593886.0,1093596,0.6861190678913885,24
True,State of Palestine,2034,121973.0,76615,0.6281270849838295,5
True,State of Palestine,2034,1562010.0,945993,0.605625391109895,20
True,State of Palestine,2033,119594.0,80245,0.6709766221953514,3
True,State of Palestine,2033,1529513.0,984934,0.6439525925696109,23
True,State of Palestine,2032,117152.0,79946,0.682414021692193,4
True,Yemen,2024,1615540.0,422034,0.2612342362875943,11
True,State of Palestine,2032,1496282.0,913862,0.610755084345888,20
True,State of Palestine,2031,1462333.0,940718,0.6432991416663542,22
True,State of Palestine,2030,112079.0,69434,0.6195108547840309,2
True,State of Palestine,2030,1427707.0,1013432,0.7098315743322826,22
True,State of Palestine,2029,109670.0,73723,0.672230133411007,4
True,State of Palestine,2029,1395166.0,823435,0.5902058468982408,19
True,State of Palestine,2028,106971.0,71642,0.6697335764911491,4
True,State of Palestine,2028,1359060.0,996864,0.7334952252175704,23
True,State of Palestine,2027,104329.0,70884,0.6794289202210305,3
True,State of Palestine,2027,1323768.0,822025,0.6209738275097639,17
True,State of Palestine,2031,114646.0,74604,0.6507344097364599,4
True,Yemen,2024,972690.0,288529,0.2966295415936545,9
True,Yemen,2025,1680396.0,300928,0.1790817133533484,9
True,Yemen,2025,1003733.0,162564,0.16195955940096118,5
True,Zambia,2023,2097350.0,953079,0.4544203443145924,22
True,Yemen,2035,1305919.0,388857,0.2977652604285255,9
True,Yemen,2035,2355874.0,670999,0.2848193723728358,15
True,Yemen,2034,1278074.0,290556,0.22733859753363625,8
True,Yemen,2034,2289219.0,552825,0.2414907688737536,12
True,Yemen,2033,1249526.0,312171,0.24983127712945238,9
True,Yemen,2033,2222015.0,464601,0.20909005582888462,11
True,Yemen,2032,1220099.0,271400,0.22244071418357333,6
True,Yemen,2032,2153979.0,622323,0.2889180538083319,14
True,Yemen,2031,1189883.0,332723,0.27962634746005915,8
True,Yemen,2031,2085331.0,628108,0.3012031262905731,14
True,Yemen,2030,1159137.0,359817,0.31041831152965715,8
True,Yemen,2030,2016570.0,712001,0.3530751788318199,16
True,Yemen,2029,1128573.0,395344,0.35030464440795617,9
True,Yemen,2029,1948765.0,637452,0.3271054976283938,16
True,Yemen,2028,1098603.0,284788,0.25922756515985185,7
True,Yemen,2028,1882648.0,417548,0.22178762006713057,11
True,Yemen,2027,1066880.0,403185,0.3779099642834126,9
True,Yemen,2027,1814275.0,403508,0.22240709270537767,10
True,Yemen,2026,1034828.0,324035,0.3131292051713591,7
True,Yemen,2026,1746129.0,303333,0.17371718427149524,7
True,Zambia,2024,2179297.0,856280,0.39291554429332476,18
True,Senegal,2023,1821146.0,888622,0.48794642948933825,21
True,United Republic of Tanzania,2029,3016494.0,1333512,0.4420735213486515,30
True,United Republic of Tanzania,2028,2926837.0,1174676,0.40134655295592225,24
True,Somalia,2032,1222067.0,282351,0.23104361295062564,9
True,Somalia,2031,607097.0,201204,0.3314198311564269,5
True,Somalia,2031,1170375.0,325890,0.2784491539592638,10
True,Somalia,2030,584891.0,130033,0.22232058791460027,6
True,Somalia,2030,1120664.0,374173,0.333885040703822,9
True,Somalia,2029,562333.0,186670,0.3319558402722034,5
True,Somalia,2029,1070799.0,224671,0.20981627160151345,7
True,Somalia,2028,540579.0,204872,0.37898546688271595,5
True,Somalia,2028,1022959.0,251224,0.24558589758243726,8
True,Somalia,2032,630072.0,151104,0.23982098199488192,6
True,Somalia,2027,519349.0,94267,0.1815098510210461,3
True,Somalia,2026,499204.0,179976,0.36052615007956756,5
True,Somalia,2026,932815.0,278160,0.2981939558397455,9
True,Somalia,2025,480063.0,116487,0.24264989991857558,4
True,Somalia,2025,891342.0,224788,0.25219057359895547,7
True,Somalia,2024,461795.0,112451,0.2435089650133287,5
True,Somalia,2024,851947.0,205094,0.2407356170561146,6
True,Somalia,2023,444541.0,120333,0.2706899548725749,3
True,Somalia,2023,814839.0,229531,0.28168884404660494,7
True,Sierra Leone,2035,273054.0,72493,0.2654910355113514,2
True,Somalia,2027,976625.0,216933,0.22212541074960832,5
True,Sierra Leone,2035,605348.0,115391,0.19062007904852435,3
True,Somalia,2033,1275530.0,281785,0.2209159543025678,8
True,Somalia,2034,1330831.0,289504,0.21753612274669964,7
True,South Africa,2031,13318219.0,8769622,0.6584680412018039,177
True,South Africa,2030,1055189.0,637299,0.6039663203460317,14
True,South Africa,2030,13200668.0,8936031,0.6769377996223185,180
True,South Africa,2029,1047485.0,684846,0.6538002695706207,15
True,South Africa,2029,13081732.0,8868320,0.6779163456260862,180
True,South Africa,2028,1038865.0,672365,0.6472115461171147,16
True,South Africa,2028,12951429.0,7961883,0.6147494072120796,161
True,South Africa,2027,1028025.0,689754,0.6709509504683023,17
True,South Africa,2027,12793617.0,9385764,0.7336286193418852,189
True,Somalia,2033,653694.0,130256,0.19926216346535666,5
True,South Africa,2026,1015019.0,598372,0.5895179490654398,14
True,South Africa,2025,1001097.0,669436,0.6687028284923786,14
True,South Africa,2025,12413729.0,6831439,0.5503132178714273,139
True,South Africa,2024,987103.0,682756,0.6916764480804463,15
True,South Africa,2024,12217791.0,8143695,0.6665440116107229,165
True,South Africa,2023,974424.0,557570,0.5722052176898187,14
True,South Africa,2023,12038567.0,7965791,0.6616892955895374,160
True,Somalia,2035,702928.0,148670,0.21150133844706792,4
True,Somalia,2035,1387909.0,349342,0.2517041734129613,8
True,Somalia,2034,677988.0,128006,0.18880298666188716,5
True,South Africa,2026,12609167.0,8969953,0.7113834496236646,181
True,Sierra Leone,2034,265786.0,94954,0.3572574563886694,5
True,Sierra Leone,2034,586828.0,122197,0.20823264733701213,3
True,Sierra Leone,2033,258533.0,68240,0.2639497081111901,2
True,Senegal,2033,848741.0,325321,0.3832987252540898,10
True,Senegal,2033,2522458.0,1148396,0.45526877530729803,25
True,Senegal,2032,828584.0,332745,0.40158277725681824,9
True,Senegal,2032,2447455.0,1168666,0.4775026049512276,24
True,Senegal,2031,808419.0,354709,0.4387683425001488,10
True,Senegal,2031,2373374.0,951428,0.40087563032308454,21
True,Senegal,2030,788265.0,391798,0.49703855939941083,10
True,Senegal,2030,2300250.0,921293,0.40051859317148314,19
True,Senegal,2029,768540.0,285493,0.37147496981884115,9
True,Senegal,2034,2598362.0,1091134,0.4199316178024393,24
True,Senegal,2029,2229276.0,1105533,0.49591583030011566,25
True,Senegal,2028,2158681.0,990823,0.4589947075576739,22
True,Senegal,2027,729014.0,287830,0.3948205341392115,7
True,Senegal,2027,2089840.0,837128,0.4005704446424541,20
True,Senegal,2026,709078.0,315599,0.4450830186602625,7
True,Senegal,2026,2020952.0,738359,0.36535215929023074,18
True,Senegal,2025,689429.0,300568,0.4359662461566613,8
True,Senegal,2025,1953746.0,805533,0.41230177055666617,18
True,Senegal,2024,669198.0,299045,0.44687034360502387,8
True,Senegal,2024,1885738.0,858407,0.45521005519759383,19
True,Senegal,2028,748625.0,388986,0.51960011431723,9
True,Senegal,2034,868877.0,404887,0.46598909670712685,9
True,Senegal,2035,2675224.0,990770,0.37035031332341656,23
True,Senegal,2035,889025.0,419641,0.47202373689801996,11
True,Sierra Leone,2033,568479.0,122976,0.21632546878780656,5
True,Sierra Leone,2032,251288.0,78499,0.3123871036336867,3
True,Sierra Leone,2032,550288.0,129457,0.2352525160853986,5
True,Sierra Leone,2031,244066.0,71938,0.2947462188472221,4
True,Sierra Leone,2031,532280.0,113950,0.21407963672154012,5
True,Sierra Leone,2030,236871.0,51011,0.21535474011020464,3
True,Sierra Leone,2030,514476.0,96622,0.18780683823043576,4
True,Sierra Leone,2029,229916.0,77592,0.33747883715934696,3
True,Sierra Leone,2029,497329.0,89454,0.1798697364100153,5
True,Sierra Leone,2028,223139.0,48389,0.2168549541224526,4
True,Sierra Leone,2028,480700.0,103303,0.21490041560966222,4
True,Sierra Leone,2027,216401.0,54539,0.25202958456019414,2
True,Sierra Leone,2027,464292.0,117207,0.25244300351628524,4
True,Sierra Leone,2026,209697.0,58121,0.27716490145181943,2
True,Sierra Leone,2026,448089.0,114762,0.2561148751516142,3
True,Sierra Leone,2025,202934.0,46376,0.22852972294373736,3
True,Sierra Leone,2025,431893.0,110677,0.25626122513239535,3
True,Sierra Leone,2024,196227.0,62441,0.31820702149869223,3
True,Sierra Leone,2024,415945.0,108643,0.26119570670323305,4
True,Sierra Leone,2023,189575.0,52631,0.2776244977208574,4
True,Sierra Leone,2023,400247.0,99669,0.24901811005366595,3
True,South Africa,2031,1062777.0,615682,0.579314275154751,13
True,South Africa,2032,13418006.0,8647082,0.6444386969325651,174
True,South Africa,2032,1068942.0,646501,0.6048046179267605,15
True,South Africa,2033,13493919.0,8274788,0.6132235028705117,167
True,Syrian Arab Republic,2028,918589.0,215755,0.2348765156755936,7
True,Syrian Arab Republic,2028,1888791.0,414268,0.21932986682295302,10
True,Syrian Arab Republic,2027,897904.0,209342,0.23314570144409802,5
True,Syrian Arab Republic,2027,1835840.0,472606,0.2574333728601056,10
True,Syrian Arab Republic,2026,871948.0,282979,0.3245363068424976,8
True,Syrian Arab Republic,2026,1772516.0,424212,0.23932785645348958,10
True,Syrian Arab Republic,2025,837494.0,260409,0.3109380925848658,6
True,Syrian Arab Republic,2025,1692525.0,552673,0.32653754161718485,12
True,Syrian Arab Republic,2024,795680.0,222788,0.2799964364998102,5
True,Syrian Arab Republic,2029,1934290.0,446030,0.23059115907293856,12
True,Syrian Arab Republic,2024,1598437.0,302928,0.18951526285794462,7
True,Syrian Arab Republic,2023,1494900.0,303514,0.20303323030906228,7
True,Sudan,2035,2040675.0,308604,0.1512266716823064,8
True,Sudan,2035,3529509.0,893755,0.25322372074050603,21
True,Sudan,2034,1984454.0,544386,0.2743250821913101,12
True,Sudan,2034,3406332.0,839576,0.24647506109704545,18
True,Sudan,2033,1928241.0,533129,0.27648463771783655,14
True,Sudan,2033,3284759.0,830494,0.2528324962448554,18
True,Sudan,2032,1871996.0,450499,0.2406514348507277,12
True,Sudan,2032,3165253.0,694850,0.21952438989203585,15
True,Syrian Arab Republic,2023,748683.0,181777,0.24279562221391923,6
True,Syrian Arab Republic,2029,935501.0,241846,0.2585208111187744,7
True,Syrian Arab Republic,2030,1972687.0,509010,0.2580286990524932,11
True,Syrian Arab Republic,2030,948892.0,237368,0.2501523010076707,6
True,United Republic of Tanzania,2028,7452661.0,3398257,0.45597901842070765,70
True,United Republic of Tanzania,2027,2840852.0,1360667,0.4789645749800544,30
True,United Republic of Tanzania,2027,7175240.0,3223365,0.44923450754135025,67
True,United Republic of Tanzania,2026,2751162.0,1263246,0.4591679959889578,26
True,United Republic of Tanzania,2026,6892208.0,2591845,0.3760544215612936,53
True,United Republic of Tanzania,2025,2664545.0,1251244,0.4695902002701273,27
True,United Republic of Tanzania,2025,6620698.0,2798488,0.42268777758737586,58
True,United Republic of Tanzania,2024,2581964.0,827385,0.3204478853927545,19
True,United Republic of Tanzania,2024,6362800.0,2679849,0.42117447996366403,56
True,United Republic of Tanzania,2023,2500869.0,1220318,0.48795775801513236,27
True,United Republic of Tanzania,2023,6112168.0,2915951,0.4770731364102394,59
True,Syrian Arab Republic,2035,1001932.0,160210,0.15990097812099902,4
True,Syrian Arab Republic,2035,2137010.0,409225,0.19149434869703202,9
True,Syrian Arab Republic,2034,991041.0,236623,0.23876172990536582,8
True,Syrian Arab Republic,2034,2103436.0,382102,0.18165606507922893,11
True,Syrian Arab Republic,2033,980829.0,291028,0.2967159955619637,9
True,Syrian Arab Republic,2033,2071337.0,253333,0.12230394325490226,7
True,Syrian Arab Republic,2032,970874.0,170636,0.17575510157750482,6
True,Syrian Arab Republic,2032,2039845.0,606808,0.2974777067720662,14
True,Syrian Arab Republic,2031,960595.0,297335,0.30953231373931706,9
True,Syrian Arab Republic,2031,2007708.0,545789,0.2718469084873175,14
True,Sudan,2031,1815821.0,426244,0.23473876478226663,10
True,United Republic of Tanzania,2029,7743103.0,3947655,0.5098285750832245,81
True,Sudan,2031,3048043.0,599685,0.19674431684623137,14
True,Sudan,2030,2933554.0,734907,0.250517630992169,17
True,South Sudan,2030,526514.0,102582,0.19483166969130633,4
True,South Sudan,2029,386821.0,106530,0.2753995663456272,3
True,South Sudan,2029,511700.0,80946,0.15818973134483516,3
True,South Sudan,2028,377306.0,69212,0.1834383523221111,3
True,South Sudan,2028,495277.0,104355,0.2107005269746025,5
True,South Sudan,2027,366946.0,109289,0.2978351158397292,5
True,South Sudan,2027,478095.0,136451,0.2854054338344295,6
True,South Sudan,2026,355611.0,86192,0.24237650818097284,5
True,South Sudan,2026,459989.0,118069,0.2566770452391141,3
True,South Sudan,2030,394866.0,56211,0.14235547035237583,4
True,South Sudan,2025,343632.0,80597,0.23454417678987494,5
True,South Sudan,2024,331832.0,89484,0.2696658919697186,4
True,South Sudan,2024,423388.0,154946,0.3659664769990847,6
True,South Sudan,2023,320411.0,82373,0.2570858456819952,3
True,South Sudan,2023,406182.0,126182,0.31065488499895916,6
True,South Africa,2035,1077251.0,683171,0.6341795775152599,17
True,South Africa,2035,13588478.0,8090367,0.5953843617663711,163
True,South Africa,2034,1075957.0,732142,0.6804569060453589,16
True,South Africa,2034,13550427.0,9547163,0.7045655060297135,192
True,South Africa,2033,1073213.0,763918,0.7118046587605219,16
True,South Sudan,2025,441403.0,114589,0.2596024558245016,5
True,South Sudan,2031,541011.0,145764,0.26942893022654824,5
True,South Sudan,2031,402429.0,150770,0.3746499758716395,6
True,South Sudan,2032,556258.0,138896,0.24969645442300534,5
True,Sudan,2029,1706521.0,474226,0.2778905153175931,10
True,Sudan,2029,2824982.0,902611,0.3195103774508657,20
True,Sudan,2028,1653100.0,480867,0.2908883149600143,11
True,Sudan,2028,2718479.0,676218,0.2487486520627428,17
True,Sudan,2027,1600532.0,438121,0.27373491164399766,12
True,Sudan,2027,2615291.0,795819,0.3042947782915789,19
True,Sudan,2026,1549051.0,386556,0.24954405016778983,11
True,Sudan,2026,2515705.0,632471,0.2514090578684564,14
True,Sudan,2025,1500285.0,307673,0.20507660091044813,7
True,Sudan,2025,2422214.0,670531,0.27682549217852015,16
True,Sudan,2024,1452434.0,308225,0.21221274202535775,9
True,Sudan,2024,2331821.0,562557,0.24125201216522957,13
True,Sudan,2023,1406119.0,421276,0.29960211747682614,11
True,Sudan,2023,2245397.0,486343,0.21659547731784756,11
True,South Sudan,2035,437064.0,116296,0.2660848903098007,4
True,South Sudan,2035,608332.0,160216,0.26336961570359513,5
True,South Sudan,2034,427731.0,100725,0.23548627279056744,5
True,South Sudan,2034,590090.0,174639,0.2959538241493884,6
True,South Sudan,2033,418822.0,102635,0.24505551734044287,3
True,South Sudan,2033,572725.0,145525,0.25409146792737825,4
True,South Sudan,2032,410304.0,119778,0.2919245387225821,3
True,Sudan,2030,1760011.0,324560,0.184408188382492,9
True,Lesotho,2023,377460.0,173211,0.4588850500466627,6
True,Lebanon,2035,163649.0,78721,0.4810336048775339,3
True,Lebanon,2035,709802.0,316769,0.4462783285449977,8
True,Comoros,2025,79740.0,34876,0.437371592430342,3
True,Comoros,2024,34498.0,13757,0.3987806179332855,1
True,Comoros,2024,77801.0,22402,0.28793663299654637,3
True,Comoros,2023,33763.0,15093,0.44702373219691,2
True,Comoros,2023,75891.0,30634,0.40365347642109584,4
True,Chad,2035,353761.0,102142,0.28873170267146686,3
True,Chad,2035,607523.0,165362,0.2721909714073114,6
True,Chad,2034,339351.0,72830,0.21461652671906095,2
True,Chad,2034,578042.0,181127,0.3133455574593311,7
True,Comoros,2025,35233.0,13657,0.3876108409017575,3
True,Chad,2033,325520.0,73499,0.22578829635668743,2
True,Chad,2032,312093.0,94135,0.3016232630275574,4
True,Chad,2032,523306.0,186353,0.3561078098506317,5
True,Chad,2031,299051.0,88487,0.29589309735273883,3
True,Chad,2031,497674.0,93043,0.18695580228324774,3
True,Chad,2030,286779.0,77502,0.2702490855480478,5
True,Chad,2030,473787.0,160269,0.33827271201405484,4
True,Chad,2029,275002.0,59767,0.21733353837131442,4
True,Chad,2029,451147.0,102073,0.22625273444195218,5
True,Chad,2028,263931.0,61568,0.2332749382079526,3
True,Chad,2033,550077.0,95731,0.1740315017022993,4
True,Chad,2028,430063.0,81706,0.18998517964721118,5
True,Comoros,2026,81708.0,43438,0.5316205651965817,4
True,Comoros,2027,83737.0,35839,0.42799777566515085,4
True,Democratic Republic of the Congo,2024,5062944.0,1336868,0.26404959338675166,29
True,Democratic Republic of the Congo,2023,2642127.0,738252,0.2794158603242288,18
True,Democratic Republic of the Congo,2023,4817995.0,1167934,0.24241074524822084,25
True,Comoros,2035,42213.0,14876,0.35239561002387493,2
True,Comoros,2035,99853.0,55583,0.5566516687328134,3
True,Comoros,2034,41622.0,16154,0.3881092250586575,1
True,Comoros,2034,97992.0,51867,0.5293008408072676,2
True,Comoros,2033,41001.0,19808,0.48310653372605233,3
True,Comoros,2033,96078.0,43780,0.45567586726256243,3
True,Comoros,2026,35968.0,13614,0.37849293110196836,3
True,Comoros,2032,40346.0,17378,0.43073432015691204,3
True,Comoros,2031,39660.0,16657,0.4199891561420603,3
True,Comoros,2031,92074.0,42350,0.4599529847786735,4
True,Comoros,2030,38953.0,18429,0.4731051737131636,2
True,Comoros,2030,90015.0,36089,0.40092456744760246,2
True,Comoros,2029,38218.0,17218,0.45051165305097934,2
True,Comoros,2029,87912.0,44673,0.508158187607748,3
True,Comoros,2028,37478.0,14174,0.378206892441028,2
True,Comoros,2028,85832.0,44810,0.5220636644533058,3
True,Comoros,2027,36716.0,16762,0.4565370288643046,3
True,Comoros,2032,94104.0,42675,0.453490104249501,3
True,Chad,2027,253343.0,74302,0.29328775970850607,2
True,Chad,2027,410134.0,112889,0.2752493639490229,4
True,Chad,2026,243022.0,59361,0.24426317792665506,4
True,Central African Republic,2026,158316.0,45587,0.28794846102466337,3
True,Central African Republic,2026,288376.0,67548,0.23423653776798273,4
True,Central African Republic,2025,151949.0,42936,0.2825695625652899,4
True,Central African Republic,2025,275081.0,81892,0.2977000881746601,3
True,Central African Republic,2024,145806.0,44730,0.30677828200902996,3
True,Central African Republic,2024,262387.0,73086,0.27854452553465836,4
True,Central African Republic,2023,139738.0,61853,0.4426365745327361,2
True,Central African Republic,2023,250011.0,68941,0.2757523843153024,2
True,Cameroon,2035,1354274.0,644214,0.47568929754561046,15
True,Central African Republic,2027,302234.0,63880,0.2113587392731214,3
True,Cameroon,2035,4538085.0,2159002,0.475751763360433,45
True,Cameroon,2034,4404549.0,1678646,0.3811165316021454,36
True,Cameroon,2033,1289236.0,648086,0.5026901026017452,15
True,Cameroon,2033,4271699.0,2153588,0.5041525621587639,46
True,Cameroon,2032,1256740.0,600771,0.4780392263184117,14
True,Cameroon,2032,4140399.0,1937249,0.46788936801741415,41
True,Cameroon,2031,1224229.0,480940,0.39285148510846885,11
True,Cameroon,2031,4010304.0,1816309,0.4529104359223,37
True,Cameroon,2030,1191367.0,545272,0.4576862552972764,14
True,Cameroon,2030,3879941.0,1574508,0.40580712818994336,33
True,Cameroon,2034,1321833.0,532842,0.4031087480042439,12
True,Central African Republic,2027,164878.0,39267,0.23815906966299955,4
True,Central African Republic,2028,316027.0,71337,0.22573182260854482,2
True,Central African Republic,2028,171289.0,43523,0.2540937069693161,4
True,Chad,2026,390987.0,82253,0.21037396307836498,5
True,Chad,2025,233027.0,68189,0.2926216667398112,4
True,Chad,2025,372692.0,80841,0.2169106767615806,5
True,Chad,2024,223576.0,57978,0.2593227157384714,2
True,Chad,2024,355565.0,52888,0.14874287066711964,2
True,Chad,2023,214401.0,60396,0.28169595111590057,3
True,Chad,2023,339155.0,121145,0.3571972044662663,5
True,Central African Republic,2035,227375.0,49436,0.21741998261970916,4
True,Central African Republic,2035,439225.0,110807,0.2522785919951907,5
True,Central African Republic,2034,218376.0,56957,0.26082292947909874,3
True,Central African Republic,2034,419151.0,89481,0.21348166841414318,4
True,Central African Republic,2033,209601.0,59522,0.2839798874467338,2
True,Central African Republic,2033,399717.0,85633,0.21423481453700158,3
True,Central African Republic,2032,201133.0,39445,0.1961127611035347,4
True,Central African Republic,2032,381073.0,96493,0.25321400095477314,5
True,Central African Republic,2031,193071.0,58780,0.3044475298483683,4
True,Central African Republic,2031,363393.0,82273,0.22640340671052833,4
True,Central African Republic,2030,185317.0,31386,0.16936420644051742,4
True,Central African Republic,2030,346485.0,98510,0.2843130095187257,3
True,Central African Republic,2029,178116.0,27900,0.15663674037041259,2
True,Central African Republic,2029,330797.0,120983,0.36573292833367543,4
True,Democratic Republic of the Congo,2024,2758096.0,603651,0.2188650240089703,13
True,Democratic Republic of the Congo,2025,5320434.0,1274743,0.23959388748213623,28
True,Democratic Republic of the Congo,2025,2879290.0,648848,0.22534995326705834,15
True,Democratic Republic of the Congo,2026,5586923.0,1232094,0.2205317621527894,28
True,Cte d'Ivoire,2034,1003043.0,528240,0.5266369456501289,14
True,Cte d'Ivoire,2034,3528932.0,1679656,0.47596732571205863,37
True,Cte d'Ivoire,2033,976657.0,399100,0.40863845282238387,9
True,Cte d'Ivoire,2033,3418664.0,1593562,0.4661359280169045,33
True,Cte d'Ivoire,2032,950947.0,414201,0.43556706805399314,10
True,Cte d'Ivoire,2032,3311780.0,1487235,0.44907434320038053,31
True,Cte d'Ivoire,2031,925938.0,370258,0.3998735317681096,10
True,Cte d'Ivoire,2031,3208327.0,1440697,0.44904918960486556,30
True,Cte d'Ivoire,2030,901376.0,398411,0.44200307350182866,9
True,Cte d'Ivoire,2035,3642714.0,1619412,0.4445619925771571,34
True,Cte d'Ivoire,2030,3107441.0,1531605,0.492882981160101,32
True,Cte d'Ivoire,2029,3009937.0,1401262,0.4655453782799002,29
True,Cte d'Ivoire,2028,854182.0,375266,0.43932764241440764,9
True,Cte d'Ivoire,2028,2915161.0,1207103,0.41407778893737823,27
True,Cte d'Ivoire,2027,830557.0,315302,0.37962681128117226,7
True,Cte d'Ivoire,2027,2820366.0,1064958,0.3775957829251338,22
True,Cte d'Ivoire,2026,807514.0,372750,0.46160249686788185,8
True,Cte d'Ivoire,2026,2728448.0,1163541,0.42644808471908385,26
True,Cte d'Ivoire,2025,784983.0,333345,0.42465284123144353,8
True,Cte d'Ivoire,2025,2639210.0,1219970,0.4622483285554361,26
True,Cte d'Ivoire,2029,877517.0,459615,0.5237678108474776,10
True,Cte d'Ivoire,2035,1030138.0,484253,0.4700855861049471,12
True,Djibouti,2023,194121.0,94053,0.48450719958555566,5
True,Djibouti,2023,52512.0,22577,0.4299389764057082,3
True,Djibouti,2034,221307.0,103370,0.467087798788858,5
True,Djibouti,2033,57699.0,26398,0.4575196893238104,4
True,Djibouti,2033,218885.0,90190,0.41204336692231514,4
True,Djibouti,2032,57225.0,24247,0.42371224891596193,2
True,Djibouti,2032,216446.0,74415,0.3438052137845097,3
True,Djibouti,2031,56742.0,23833,0.4200303677277989,3
True,Djibouti,2031,214000.0,87315,0.4080139078909612,3
True,Djibouti,2030,56252.0,23040,0.40958508573224245,2
True,Djibouti,2030,211556.0,118363,0.5594901466608836,5
True,Djibouti,2029,55777.0,25611,0.4591671002869176,4
True,Djibouti,2029,209198.0,103263,0.4936160318360339,5
True,Djibouti,2028,55268.0,22750,0.4116326218555975,1
True,Djibouti,2028,206741.0,115291,0.5576591228755778,3
True,Djibouti,2027,54753.0,27265,0.49796354130426035,3
True,Djibouti,2027,204292.0,106754,0.5225571803897521,5
True,Djibouti,2026,54228.0,25753,0.4748999145622725,2
True,Djibouti,2026,201836.0,91074,0.45122550871294714,4
True,Djibouti,2025,53676.0,22080,0.4113495108072267,1
True,Djibouti,2025,199309.0,90662,0.45488380492744157,4
True,Djibouti,2024,53109.0,23932,0.45062962003908974,3
True,Djibouti,2024,196755.0,90744,0.4612046240905209,3
True,Cte d'Ivoire,2024,762083.0,352223,0.4621843605745956,9
True,Cameroon,2029,1159003.0,543881,0.46926586898644185,14
True,Cte d'Ivoire,2024,2549635.0,1042518,0.4088889802216784,24
True,Cte d'Ivoire,2023,2460533.0,1158041,0.47064657271378124,25
True,Congo,2023,702637.0,345185,0.4912708174494015,9
True,Democratic Republic of the Congo,2035,4318501.0,1316879,0.30493884259935955,27
True,Democratic Republic of the Congo,2035,8500182.0,2032529,0.239115939838639,42
True,Democratic Republic of the Congo,2034,4155287.0,996813,0.2398903673783053,21
True,Democratic Republic of the Congo,2034,8129715.0,2254816,0.2773548690585019,47
True,Democratic Republic of the Congo,2033,3996178.0,880843,0.2204214305582085,20
True,Democratic Republic of the Congo,2033,7770888.0,2439152,0.31388324478942126,52
True,Democratic Republic of the Congo,2032,3841454.0,982899,0.2558663691654391,23
True,Democratic Republic of the Congo,2032,7424118.0,1848271,0.2489549203017926,38
True,Congo,2023,202223.0,99226,0.49067548180003195,3
True,Democratic Republic of the Congo,2031,3690930.0,1035374,0.28051851327167326,24
True,Democratic Republic of the Congo,2030,3544478.0,786842,0.2219909479901515,17
True,Democratic Republic of the Congo,2030,6764909.0,1410823,0.20855024945389639,31
True,Democratic Republic of the Congo,2029,3403809.0,958109,0.2814814420961806,21
True,Democratic Republic of the Congo,2029,6455415.0,1876222,0.290643105941948,41
True,Democratic Republic of the Congo,2028,3264588.0,866307,0.26536497604383047,18
True,Democratic Republic of the Congo,2028,6151740.0,1814640,0.2949799937716625,37
True,Democratic Republic of the Congo,2027,3130844.0,674241,0.21535452023696727,16
True,Democratic Republic of the Congo,2027,5861591.0,1570032,0.2678507742982524,33
True,Democratic Republic of the Congo,2026,3003697.0,878522,0.29248010485105125,21
True,Democratic Republic of the Congo,2031,7088915.0,2037104,0.2873646802561631,44
True,Congo,2024,727547.0,374886,0.5152739403577165,8
True,Congo,2024,208370.0,93985,0.451050192081638,3
True,Congo,2025,751758.0,363924,0.4840976485647482,9
True,Congo,2035,268356.0,116448,0.43393070791735033,3
True,Congo,2035,986414.0,403172,0.4087251401603744,10
True,Congo,2034,263128.0,116473,0.44264713092489305,3
True,Congo,2034,962903.0,480254,0.49875598667088755,13
True,Congo,2033,257824.0,107291,0.4161419144243944,5
True,Congo,2033,939267.0,426230,0.4537902279096863,12
True,Congo,2032,252424.0,102266,0.40513728142570843,3
True,Congo,2032,915441.0,411388,0.4493876613576543,10
True,Congo,2031,247062.0,118940,0.481417275463214,4
True,Congo,2031,891889.0,429182,0.4812059908526078,10
True,Congo,2030,241650.0,118308,0.4895831346981468,3
True,Congo,2030,868308.0,441018,0.5079055436750034,11
True,Congo,2029,236483.0,92061,0.3892905693606134,5
True,Congo,2029,845766.0,338052,0.3996991309250149,8
True,Congo,2028,231056.0,128148,0.554619363784273,5
True,Congo,2028,822453.0,336456,0.4090889658383264,9
True,Congo,2027,225586.0,108227,0.47975785127184567,5
True,Congo,2027,799163.0,363499,0.4548497982496359,8
True,Congo,2026,220028.0,97581,0.44349284728161575,5
True,Congo,2026,775734.0,361654,0.4662083176244221,8
True,Congo,2025,214261.0,93094,0.4344866621703272,5
True,Cte d'Ivoire,2023,739061.0,311746,0.4218137723598013,9
True,Djibouti,2034,58160.0,31628,0.5438085419607943,2
True,Cameroon,2029,3752273.0,1721014,0.4586590462925591,35
True,Cameroon,2028,3624163.0,1669669,0.4607046872065102,35
True,Benin,2031,125116.0,52266,0.4177440122697438,2
True,Benin,2031,474273.0,221999,0.46808180125238175,6
True,Benin,2030,120883.0,60463,0.5001766448946012,2
True,Benin,2030,456158.0,203629,0.4463994939209833,6
True,Benin,2029,116722.0,60440,0.5178120014285411,3
True,Benin,2029,438454.0,215117,0.4906262911197099,6
True,Benin,2028,112660.0,43959,0.39018966879596645,3
True,Benin,2028,421249.0,166260,0.3946832512996986,5
True,Benin,2027,108736.0,47922,0.44071705116680915,2
True,Benin,2032,492814.0,230671,0.46806978027542073,6
True,Benin,2027,404697.0,172418,0.4260412881077355,4
True,Benin,2026,388820.0,181409,0.46656317157017824,7
True,Benin,2025,101284.0,44012,0.4345393812074393,2
True,Benin,2025,373449.0,152382,0.4080391238388681,6
True,Benin,2024,97861.0,48594,0.49656400595580996,3
True,Benin,2024,359126.0,180120,0.5015499761247976,6
True,Benin,2023,94536.0,45432,0.4805838144420434,2
True,Benin,2023,345279.0,143689,0.4161538999847021,4
True,Angola,2035,1587297.0,683722,0.4307458859791842,15
True,Angola,2035,5867354.0,2735385,0.46620419846973976,56
True,Benin,2026,104959.0,52351,0.49877725635611797,3
True,Angola,2034,1540734.0,557512,0.3618479922318633,14
True,Benin,2032,129427.0,68195,0.5269018283232985,3
True,Benin,2033,133808.0,70682,0.5282321827907003,2
True,Botswana,2030,48046.0,30443,0.6336168926701116,3
True,Botswana,2030,612188.0,376433,0.6148973453061324,11
True,Botswana,2029,47559.0,33217,0.6984322495266445,3
True,Botswana,2029,604791.0,396050,0.6548538774674021,9
True,Botswana,2028,46996.0,31753,0.6756633716556678,4
True,Botswana,2028,596428.0,371880,0.6235119898116481,8
True,Botswana,2027,46446.0,30953,0.6664375554829842,4
True,Botswana,2027,588210.0,409259,0.6957701058851037,11
True,Botswana,2026,45825.0,28637,0.6249121478207732,4
True,Benin,2033,511762.0,229376,0.4482086980445024,7
True,Botswana,2026,579082.0,352994,0.6095753198553406,9
True,Botswana,2025,569968.0,412597,0.7238947022370759,10
True,Botswana,2024,44530.0,29740,0.6678556285755873,4
True,Botswana,2024,560147.0,357943,0.6390164056081244,9
True,Botswana,2023,43821.0,24129,0.5506215542699554,3
True,Botswana,2023,549904.0,359961,0.6545880388267752,8
True,Benin,2035,142765.0,62110,0.43504963247670664,4
True,Benin,2035,550799.0,250257,0.4543523534119086,7
True,Benin,2034,138257.0,67897,0.4910951252187612,3
True,Benin,2034,531099.0,169427,0.3190127447955128,5
True,Botswana,2025,45205.0,28212,0.6240864890863177,4
True,Angola,2034,5668050.0,2648005,0.4671809144784231,55
True,Angola,2033,1494591.0,751564,0.5028561113109458,18
True,Angola,2033,5471222.0,2336037,0.4269680614520106,48
True,Algeria,2033,9171245.0,4799151,0.5232824384460777,98
True,Algeria,2032,2491651.0,945295,0.3793848149332354,20
True,Algeria,2032,9078413.0,3673115,0.40459879622393946,76
True,Algeria,2031,2474163.0,1152248,0.46571236662976373,26
True,Algeria,2031,8973371.0,3583591,0.3993584439832788,75
True,Algeria,2030,2453581.0,1035131,0.4218856235379514,23
True,Algeria,2030,8856452.0,3221571,0.36375410837434835,67
True,Algeria,2029,2430746.0,861301,0.3543359877671101,20
True,Algeria,2029,8730896.0,4034531,0.4620981135783017,83
True,Algeria,2033,2506045.0,1099430,0.43871118497567324,24
True,Algeria,2028,2405517.0,1026467,0.4267135123214872,24
True,Algeria,2027,2377462.0,1134354,0.47712800217929824,24
True,Algeria,2027,8451168.0,3604645,0.4265262807032524,74
True,Algeria,2026,2350319.0,1147829,0.4883717364576454,24
True,Algeria,2026,8309223.0,4395252,0.5289606407753695,89
True,Algeria,2025,2324549.0,1018834,0.438293152152541,23
True,Algeria,2025,8171984.0,3581718,0.4382923312638332,74
True,Algeria,2024,2297355.0,1208757,0.5261514928204013,26
True,Algeria,2024,8029665.0,3873385,0.48238442690503464,80
True,Algeria,2023,2273456.0,1007338,0.44308678494144077,21
True,Algeria,2028,8596171.0,3669096,0.4268291153593769,76
True,Algeria,2034,9252281.0,4194766,0.4533764102343962,86
True,Algeria,2034,2517513.0,953540,0.37876259068932716,20
True,Algeria,2035,9322285.0,3941284,0.42278086377374086,80
True,Angola,2032,1448961.0,599881,0.4140077895802646,14
True,Angola,2032,5277259.0,1984639,0.37607390048162864,43
True,Angola,2031,1404129.0,610719,0.4349448152205356,13
True,Angola,2031,5087297.0,2259867,0.44421758588058796,47
True,Angola,2030,1360256.0,623770,0.45856841405949855,13
True,Angola,2030,4901878.0,2386839,0.48692332899977053,49
True,Angola,2029,1317156.0,605685,0.4598430617934562,13
True,Angola,2029,4720404.0,1810703,0.38359069755507846,37
True,Angola,2028,1275860.0,449124,0.35201649380601124,10
True,Angola,2028,4546469.0,2093391,0.4604431797502378,43
True,Angola,2027,1235478.0,480549,0.38895781750144887,13
True,Angola,2027,4376968.0,2149648,0.49112724560515947,46
True,Angola,2026,1195530.0,474762,0.397114453552205,10
True,Angola,2026,4210169.0,1891735,0.4493251387631033,39
True,Angola,2025,1156243.0,627394,0.5426139092254469,15
True,Angola,2025,4046897.0,1699351,0.41991466938853017,37
True,Angola,2024,1118177.0,486871,0.43541531251033616,13
True,Angola,2024,3889114.0,1633304,0.41996806550405974,34
True,Angola,2023,1081142.0,506823,0.4687849009172836,12
True,Angola,2023,3736140.0,1466249,0.3924503211288849,30
True,Algeria,2035,2525925.0,1150675,0.45554612948549333,25
True,Botswana,2031,619300.0,390403,0.6303945923433921,10
True,Botswana,2031,48513.0,27983,0.5768242525933941,4
True,Botswana,2032,625943.0,416131,0.6648060138532288,9
True,Botswana,2032,48944.0,32452,0.6630527636089945,4
True,Cabo Verde,2028,85869.0,42171,0.4911030079997245,2
True,Cabo Verde,2027,24344.0,11457,0.4706390463468249,1
True,Cabo Verde,2027,85023.0,42356,0.4981688064622161,4
True,Cabo Verde,2026,24198.0,9896,0.40896588408241447,1
True,Cabo Verde,2026,84138.0,42736,0.5079297789503702,4
True,Cabo Verde,2025,24047.0,11768,0.4893542301871226,1
True,Cabo Verde,2025,83232.0,33398,0.40126591648863397,4
True,Cabo Verde,2024,23884.0,11532,0.4828276804316915,2
True,Cabo Verde,2024,82290.0,32129,0.3904348251398676,4
True,Cabo Verde,2028,24479.0,13337,0.5448396491326974,2
True,Cabo Verde,2023,23676.0,11215,0.4736916460455894,1
True,Burundi,2035,556626.0,119275,0.21428242909868161,4
True,Burundi,2035,688811.0,182296,0.26465362366493406,6
True,Burundi,2034,542129.0,141828,0.26161268485805017,5
True,Burundi,2034,665121.0,143665,0.21599876392107545,5
True,Burundi,2033,527653.0,141053,0.2673224104748488,4
True,Burundi,2033,641834.0,168497,0.26252464251729385,6
True,Burundi,2032,513131.0,135902,0.2648492336616593,4
True,Burundi,2032,618866.0,170867,0.2760970782808449,6
True,Burundi,2031,498644.0,91739,0.18397716934578617,3
True,Cabo Verde,2023,81193.0,44111,0.5432887255572378,4
True,Cabo Verde,2029,86660.0,37934,0.4377305941998565,2
True,Cabo Verde,2029,24599.0,10142,0.41231319178212555,2
True,Cabo Verde,2030,87297.0,35401,0.40552427851872386,3
True,Cameroon,2027,1094199.0,539243,0.49281993971617366,13
True,Cameroon,2027,3499922.0,1496827,0.42767425239664897,32
True,Cameroon,2026,1062819.0,397768,0.3742576387657068,9
True,Cameroon,2026,3378725.0,1377372,0.40766031409657977,29
True,Cameroon,2025,1032413.0,460826,0.4463585543671564,10
True,Cameroon,2025,3261731.0,1544958,0.47366188122867725,34
True,Cameroon,2024,1001779.0,486564,0.4857000247046046,11
True,Cameroon,2024,3145194.0,1380196,0.43882686073370747,30
True,Cameroon,2023,972021.0,460858,0.4741236207621593,11
True,Cameroon,2023,3032541.0,1202267,0.3964553750969444,26
True,Cabo Verde,2035,24664.0,10042,0.4071421221791859,2
True,Cabo Verde,2035,89033.0,42850,0.48128336738825034,2
True,Cabo Verde,2034,24715.0,14483,0.5860084583294809,1
True,Cabo Verde,2034,88871.0,38816,0.4367671583381022,4
True,Cabo Verde,2033,24740.0,12931,0.5226767038578659,1
True,Cabo Verde,2033,88610.0,39932,0.4506500945938954,2
True,Cabo Verde,2032,24744.0,12158,0.4913591624518012,3
True,Cabo Verde,2032,88269.0,40942,0.463834539966501,4
True,Cabo Verde,2031,24724.0,11548,0.4670575987408322,3
True,Cabo Verde,2031,87836.0,39188,0.4461449145292948,4
True,Cabo Verde,2030,24675.0,10097,0.4092094857517281,2
True,Burundi,2031,596318.0,112199,0.1881524644560959,3
True,Cameroon,2028,1126178.0,436634,0.3877130610644006,12
True,Burundi,2030,483985.0,139916,0.2890911435888655,5
True,Burundi,2029,469135.0,121615,0.2592316929266152,4
True,Burkina Faso,2029,985756.0,188837,0.1915660981190234,5
True,Burkina Faso,2029,1722457.0,427625,0.24826441151473783,12
True,Burkina Faso,2028,952168.0,252398,0.2650773671166806,8
True,Burkina Faso,2028,1650166.0,396670,0.24038195176094387,10
True,Burkina Faso,2027,918067.0,342588,0.37316210562426433,10
True,Burkina Faso,2027,1577896.0,399226,0.25301151049705134,10
True,Burkina Faso,2026,884501.0,219953,0.24867430622753917,5
True,Burkina Faso,2026,1507461.0,232242,0.15406143923504792,8
True,Burkina Faso,2025,851713.0,209758,0.24627770421169165,6
True,Burkina Faso,2030,1795634.0,551513,0.30714114072575105,14
True,Burkina Faso,2025,1439291.0,378357,0.2628775195361382,9
True,Burkina Faso,2024,1371051.0,472066,0.34430929506052654,12
True,Burkina Faso,2023,786529.0,212522,0.2702025428407269,5
True,Burkina Faso,2023,1306380.0,316060,0.24193571441669953,8
True,Botswana,2035,50056.0,30528,0.6098861365389191,3
True,Botswana,2035,643414.0,407194,0.6328642741736615,9
True,Botswana,2034,49711.0,31267,0.6289677338617321,2
True,Botswana,2034,637944.0,369517,0.5792314628974793,10
True,Botswana,2033,49342.0,31494,0.6382706433312426,3
True,Botswana,2033,632134.0,411049,0.650255672832123,10
True,Burkina Faso,2024,818338.0,211728,0.25872889064159194,6
True,Burkina Faso,2030,1019339.0,293158,0.28759665163433873,8
True,Burkina Faso,2031,1872093.0,542068,0.28955159735215236,14
True,Burkina Faso,2031,1054268.0,215630,0.20453062726026305,7
True,Burundi,2029,551728.0,93587,0.1696258382719386,5
True,Burundi,2028,453574.0,143038,0.31535713771412144,6
True,Burundi,2028,529043.0,138278,0.2613729967302065,4
True,Burundi,2027,436797.0,82317,0.18845678417830225,5
True,Burundi,2027,505344.0,146891,0.2906758608684835,6
True,Burundi,2026,420031.0,98244,0.23389692418971622,4
True,Burundi,2026,482044.0,101633,0.21083733538318813,4
True,Burundi,2025,402784.0,131910,0.327496720250877,5
True,Burundi,2025,458575.0,93563,0.20402878828830984,4
True,Burundi,2024,385172.0,105414,0.27367962153175907,4
True,Burundi,2024,435092.0,85663,0.19688481431369476,5
True,Burundi,2023,367673.0,93179,0.25342814874030134,5
True,Burundi,2023,412112.0,71076,0.17246682844669337,2
True,Burkina Faso,2035,1197702.0,269275,0.22482621729419003,8
True,Burkina Faso,2035,2193370.0,559271,0.25498256825438204,12
True,Burkina Faso,2034,1161400.0,257465,0.2216851135198614,6
True,Burkina Faso,2034,2110944.0,423188,0.20047318374346557,9
True,Burkina Faso,2033,1125312.0,404575,0.3595227812904989,10
True,Burkina Faso,2033,2029765.0,567000,0.2793428546900135,14
True,Burkina Faso,2032,1089556.0,196019,0.17990744686038596,7
True,Burkina Faso,2032,1950068.0,624294,0.320139715546805,13
True,Burundi,2030,573951.0,150946,0.2629941397124212,6
True,Djibouti,2035,223712.0,111301,0.49752119190930255,3
True,Djibouti,2035,58609.0,24683,0.42115481721687986,3
True,Egypt,2023,15100369.0,6116846,0.40507926643258213,124
True,Iran (Islamic Republic of),2025,4133508.0,1872318,0.45296092170072444,38
True,Iran (Islamic Republic of),2025,15202056.0,8796943,0.578667990162493,177
True,Iran (Islamic Republic of),2024,4126879.0,1628771,0.3946737045629165,35
True,Iran (Islamic Republic of),2024,15099067.0,6591582,0.4365555654722585,135
True,Iran (Islamic Republic of),2023,4119995.0,2086070,0.5063282514773879,43
True,Iran (Islamic Republic of),2023,14993961.0,8133441,0.5424478047472673,165
True,Guinea-Bissau,2035,95577.0,27221,0.28481031824067093,3
True,Guinea-Bissau,2035,180400.0,43017,0.2384532734895661,4
True,Guinea-Bissau,2034,93503.0,23122,0.2472852566741094,3
True,Iran (Islamic Republic of),2026,15314307.0,6902104,0.45069646459564733,140
True,Guinea-Bissau,2034,175678.0,20230,0.11515566785292142,3
True,Guinea-Bissau,2033,170983.0,40645,0.2377128467957028,2
True,Guinea-Bissau,2032,89339.0,15620,0.1748428523440947,2
True,Guinea-Bissau,2032,166311.0,39419,0.23702043243181975,2
True,Guinea-Bissau,2031,87254.0,29095,0.3334510762644697,3
True,Guinea-Bissau,2031,161675.0,37704,0.2332107650354936,2
True,Guinea-Bissau,2030,85167.0,15777,0.1852460613968192,1
True,Guinea-Bissau,2030,157071.0,29137,0.1855019550129473,2
True,Guinea-Bissau,2029,83134.0,21088,0.2536658983594202,1
True,Guinea-Bissau,2029,152603.0,44432,0.2911585291980957,2
True,Guinea-Bissau,2033,91424.0,21609,0.23636382151261648,3
True,Guinea-Bissau,2028,81004.0,13548,0.1672571664067115,2
True,Iran (Islamic Republic of),2026,4142927.0,1859320,0.44879374564449986,40
True,Iran (Islamic Republic of),2027,4148087.0,1836698,0.44278197940380287,40
True,Iraq,2024,819290.0,584627,0.713577754749708,13
True,Iraq,2024,10123578.0,7053946,0.6967839196573731,144
True,Iraq,2023,796723.0,587674,0.7376135221711811,14
True,Iraq,2023,9834504.0,5846329,0.5944712077267086,118
True,Iran (Islamic Republic of),2035,3874672.0,1592913,0.41110916562045624,34
True,Iran (Islamic Republic of),2035,14918248.0,5663331,0.37962441526410895,115
True,Iran (Islamic Republic of),2034,3939225.0,1699492,0.43142795670021045,37
True,Iran (Islamic Republic of),2034,15104929.0,6538404,0.4328656202959826,132
True,Iran (Islamic Republic of),2033,3999115.0,1385015,0.3463304883795925,29
True,Iran (Islamic Republic of),2027,15409752.0,7087010,0.45990423803839275,143
True,Iran (Islamic Republic of),2033,15270256.0,7823017,0.5123042596248815,159
True,Iran (Islamic Republic of),2032,15401507.0,4889232,0.3174515095803494,100
True,Iran (Islamic Republic of),2031,4095443.0,2150925,0.5251996494291344,46
True,Iran (Islamic Republic of),2031,15502148.0,6778332,0.43725113912895724,137
True,Iran (Islamic Republic of),2030,4128497.0,1879793,0.45532151138459487,41
True,Iran (Islamic Republic of),2030,15556892.0,6446118,0.4143577108661418,130
True,Iran (Islamic Republic of),2029,4145692.0,1752918,0.4228287614433118,38
True,Iran (Islamic Republic of),2029,15549372.0,6971753,0.4483623364892001,140
True,Iran (Islamic Republic of),2028,4149009.0,1753608,0.4226570529379804,38
True,Iran (Islamic Republic of),2028,15488196.0,6525439,0.4213168996559882,134
True,Iran (Islamic Republic of),2032,4050899.0,2043984,0.5045753425961231,44
True,Guinea-Bissau,2028,147994.0,29509,0.19939478123699161,2
True,Guinea-Bissau,2027,78891.0,18039,0.228655946502629,1
True,Guinea-Bissau,2027,143454.0,34730,0.24209960507105052,3
True,Guinea,2027,1496863.0,615676,0.41131054004482137,14
True,Guinea,2026,578616.0,314674,0.5438397906279033,9
True,Guinea,2026,1446889.0,681010,0.47067174516118504,17
True,Guinea,2025,562390.0,291195,0.5177818929402476,8
True,Guinea,2025,1398995.0,690376,0.49348029600528304,16
True,Guinea,2024,546497.0,220726,0.40389173379111876,7
True,Guinea,2024,1352591.0,659861,0.4878494308322676,15
True,Guinea,2023,530524.0,248744,0.4688650246522426,6
True,Guinea,2023,1306626.0,558955,0.4277853369961944,14
True,Guinea,2027,595395.0,230875,0.38776726483442914,8
True,Ghana,2035,1554564.0,623476,0.40106181421088466,15
True,Ghana,2034,1533305.0,650887,0.42449918005726267,15
True,Ghana,2034,5121969.0,2570598,0.501876997212895,52
True,Ghana,2033,1512149.0,705694,0.4666831052643474,16
True,Ghana,2033,5022209.0,2380271,0.4739489912873196,49
True,Ghana,2032,1490638.0,635186,0.4261171276617442,14
True,Ghana,2032,4921658.0,2232357,0.45357831186096964,48
True,Ghana,2031,1468124.0,597814,0.4071958087045566,13
True,Ghana,2031,4818335.0,2368293,0.4915167908272123,49
True,Ghana,2030,1445125.0,588900,0.4075077815267604,14
True,Ghana,2035,5222479.0,2279645,0.43650625323533143,49
True,Guinea,2028,1548853.0,559235,0.3610639875547861,13
True,Guinea,2028,612674.0,321533,0.5248022155744592,8
True,Guinea,2029,1601449.0,773049,0.4827182828177029,18
True,Guinea-Bissau,2026,76759.0,25060,0.3264775159730307,4
True,Guinea-Bissau,2026,138914.0,22973,0.16537676851425903,3
True,Guinea-Bissau,2025,74562.0,22720,0.3047095759235474,1
True,Guinea-Bissau,2025,134297.0,33948,0.25278624561443475,2
True,Guinea-Bissau,2024,72362.0,17635,0.2437106539950176,1
True,Guinea-Bissau,2024,129713.0,26010,0.20051975898707095,2
True,Guinea-Bissau,2023,70208.0,15757,0.22443921617844073,2
True,Guinea-Bissau,2023,125252.0,41290,0.3296593313319699,3
True,Guinea,2035,730173.0,377697,0.5172710023077489,11
True,Guinea,2035,1926686.0,1048312,0.5441012248237517,24
True,Guinea,2034,713812.0,338042,0.4735734178567998,8
True,Guinea,2034,1871230.0,768096,0.4104762772277344,17
True,Guinea,2033,697193.0,321541,0.4611942012139566,7
True,Guinea,2033,1815991.0,860871,0.47405046158683567,18
True,Guinea,2032,680383.0,330862,0.48628833119493464,9
True,Guinea,2032,1761134.0,802143,0.4554697397302447,17
True,Guinea,2031,663501.0,302862,0.4564610590987614,8
True,Guinea,2031,1706943.0,976862,0.5722875989808414,22
True,Guinea,2030,646556.0,254566,0.39372554763508116,6
True,Guinea,2030,1653434.0,767191,0.463998431315991,18
True,Guinea,2029,629894.0,281702,0.4472207664544773,7
True,Iraq,2025,10399224.0,7134737,0.6860836032021618,146
True,Iraq,2025,840688.0,498988,0.5935474114391386,11
True,Iraq,2026,10682955.0,6663749,0.6237739866860114,134
True,Iraq,2026,862663.0,581839,0.6744687280613959,13
True,Kenya,2035,7241683.0,2905409,0.40120633735113337,61
True,Kenya,2034,2953917.0,1129624,0.38241576971918334,24
True,Kenya,2034,7092569.0,2864251,0.40383833769445476,58
True,Kenya,2033,2913059.0,1105992,0.3796669451575889,25
True,Kenya,2033,6945160.0,2912968,0.41942410985040257,61
True,Kenya,2032,2871953.0,1183908,0.4122308533823339,26
True,Kenya,2032,6799278.0,3123169,0.45933833822385395,65
True,Kenya,2031,2830027.0,1170818,0.41371280934232674,26
True,Kenya,2031,6653781.0,3166421,0.4758829510234562,64
True,Kenya,2035,2994622.0,1505343,0.502682089830392,32
True,Kenya,2030,2787133.0,1257846,0.4513045525105417,26
True,Kenya,2029,2740051.0,1057718,0.38602115166321493,22
True,Kenya,2029,6355163.0,2274871,0.35795628843341776,46
True,Kenya,2028,2694961.0,1349417,0.5007185032509065,28
True,Kenya,2028,6209026.0,3311110,0.5332737222231289,69
True,Kenya,2027,2646860.0,1321139,0.49913454919727573,29
True,Kenya,2027,6058296.0,2803788,0.46280148671569377,57
True,Kenya,2026,2597750.0,1230372,0.47362987412065216,28
True,Kenya,2026,5907599.0,2962411,0.5014577818662822,62
True,Kenya,2025,2547275.0,929426,0.364870819788108,22
True,Kenya,2030,6508160.0,2725351,0.41875907111521604,56
True,Lebanon,2023,866215.0,348678,0.4025300555584029,8
True,Lebanon,2023,204736.0,119078,0.5816191032418696,5
True,Lebanon,2024,836718.0,397161,0.4746658950440445,11
True,Lebanon,2034,164256.0,71882,0.4376240682224248,3
True,Lebanon,2034,711071.0,294130,0.41364314120875656,9
True,Lebanon,2033,165211.0,61374,0.3714887640054772,4
True,Lebanon,2033,713809.0,343407,0.48109049811085985,10
True,Lebanon,2032,166558.0,83050,0.49862772248133647,4
True,Lebanon,2032,718211.0,345905,0.48162038695277604,8
True,Lebanon,2031,168584.0,71122,0.4218766612052866,3
True,Lebanon,2031,725492.0,352145,0.48538759677277377,10
True,Lebanon,2030,171180.0,92544,0.5406224278998465,3
True,Lebanon,2030,735166.0,307778,0.41865164711061165,8
True,Lebanon,2029,174030.0,93722,0.5385400317817755,3
True,Lebanon,2029,745867.0,334335,0.4482505754751519,9
True,Lebanon,2028,177168.0,73497,0.41484117874370563,3
True,Lebanon,2028,757725.0,384518,0.5074636663142837,10
True,Lebanon,2027,180758.0,80473,0.4451970050137675,4
True,Lebanon,2027,771437.0,445894,0.5780042269134398,12
True,Lebanon,2026,185150.0,84447,0.4561004907322681,5
True,Lebanon,2026,788491.0,332127,0.4212181086881113,9
True,Lebanon,2025,190801.0,92541,0.4850154939704496,3
True,Lebanon,2025,810785.0,330056,0.4070821109909393,9
True,Lebanon,2024,197334.0,90624,0.4592418061847437,4
True,Kenya,2025,5756045.0,2707716,0.4704126377857236,57
True,Ghana,2030,4713964.0,2013013,0.4270319550229878,41
True,Kenya,2024,2494558.0,1000521,0.4010813611192484,23
True,Kenya,2023,2438652.0,1002493,0.4110847637298844,23
True,Jordan,2023,440826.0,167327,0.379576935181822,5
True,Jordan,2023,1927993.0,799698,0.41478281547286205,17
True,Iraq,2035,1044226.0,733517,0.7024504612918445,16
True,Iraq,2035,13081750.0,8161231,0.623863848974048,164
True,Iraq,2034,1024375.0,656373,0.6407548931778506,16
True,Iraq,2034,12815081.0,8921877,0.6962013509603451,181
True,Iraq,2033,1004392.0,590024,0.5874443211807349,14
True,Iraq,2033,12547801.0,8360683,0.666306651112106,168
True,Iraq,2032,984245.0,624526,0.6345226780343005,14
True,Jordan,2024,1942644.0,722991,0.37216854132380484,16
True,Iraq,2032,12279502.0,8345826,0.6796550628984193,170
True,Iraq,2031,12011634.0,7158295,0.5959468336200051,145
True,Iraq,2030,943974.0,668302,0.7079664901682124,16
True,Iraq,2030,11746399.0,7423157,0.631951691709046,150
True,Iraq,2029,924842.0,621691,0.672213165574302,13
True,Iraq,2029,11493870.0,7879600,0.6855479984101747,161
True,Iraq,2028,905220.0,571428,0.6312589596225202,14
True,Iraq,2028,11236241.0,7168539,0.6379837300920933,146
True,Iraq,2027,884221.0,606266,0.6856499215086195,14
True,Iraq,2027,10962580.0,6455793,0.5888936095554027,130
True,Iraq,2031,964043.0,656317,0.6807967803472132,14
True,Jordan,2024,443111.0,212826,0.480300497567282,6
True,Jordan,2025,1957061.0,755384,0.38597853237518587,16
True,Jordan,2025,445368.0,239492,0.5377397090992182,8
True,Kenya,2023,5442595.0,2302283,0.4230120159845319,48
True,Jordan,2035,480342.0,224502,0.4673790852680836,5
True,Jordan,2035,2151302.0,970069,0.45092169665326964,22
True,Jordan,2034,475808.0,209737,0.44080083318236607,5
True,Jordan,2034,2127584.0,975589,0.4585432719063971,22
True,Jordan,2033,471420.0,229658,0.4871632047011358,8
True,Jordan,2033,2104452.0,805144,0.38259072889471435,17
True,Jordan,2032,467202.0,170291,0.3644915803671687,6
True,Jordan,2032,2082043.0,968962,0.46539008844460295,22
True,Jordan,2031,463170.0,207108,0.44715271881394664,7
True,Jordan,2031,2060376.0,889710,0.4318193893893072,21
True,Jordan,2030,459353.0,210161,0.4575150880730939,6
True,Jordan,2030,2039601.0,929469,0.455711382433102,20
True,Jordan,2029,456071.0,230391,0.5051650941008261,8
True,Jordan,2029,2021117.0,905699,0.4481182648787576,20
True,Jordan,2028,453690.0,213215,0.46995680571760357,6
True,Jordan,2028,2006552.0,848278,0.42275404565955255,20
True,Jordan,2027,451065.0,200798,0.4451643444064804,7
True,Jordan,2027,1990813.0,916871,0.46055087336013095,20
True,Jordan,2026,447957.0,239578,0.534822818414502,7
True,Jordan,2026,1972851.0,682416,0.3459035296058139,17
True,Kenya,2024,5601738.0,2575636,0.4597922627548841,54
True,Ghana,2029,1422671.0,657859,0.4624110293150168,15
True,Ghana,2029,4612036.0,2117355,0.45909331275292475,43
True,Ghana,2028,1398580.0,788148,0.5635346428902198,17
True,Eritrea,2031,146784.0,27905,0.19010610537055758,2
True,Eritrea,2031,270535.0,60145,0.2223175347326409,2
True,Eritrea,2030,143390.0,28425,0.1982378838790313,2
True,Eritrea,2030,262451.0,64208,0.2446484820022721,2
True,Eritrea,2029,140197.0,29491,0.2103563583868828,2
True,Eritrea,2029,254810.0,56947,0.22348711908137797,4
True,Eritrea,2028,137009.0,37705,0.2752023257758922,2
True,Eritrea,2028,247251.0,49627,0.2007136976832228,2
True,Eritrea,2027,133807.0,39842,0.29775711602506194,3
True,Eritrea,2032,278825.0,97097,0.3482362566458195,3
True,Eritrea,2027,239743.0,59184,0.24686604513634142,4
True,Eritrea,2026,232380.0,52124,0.2243066541331653,4
True,Eritrea,2025,127410.0,25865,0.20300601068363222,4
True,Eritrea,2025,224969.0,60366,0.26832991230484243,3
True,Eritrea,2024,124187.0,35205,0.2834836274415019,4
True,Eritrea,2024,217659.0,40218,0.18477652497475733,2
True,Eritrea,2023,120952.0,29699,0.24554399802436058,4
True,Eritrea,2023,210412.0,30852,0.14662789499800616,2
True,Equatorial Guinea,2035,31564.0,20465,0.6483652625952954,3
True,Equatorial Guinea,2035,405361.0,271269,0.6692032724469654,8
True,Eritrea,2026,130644.0,25742,0.19703932390555243,2
True,Eritrea,2032,150250.0,37827,0.2517631775985864,3
True,Eritrea,2033,287318.0,61777,0.21501372460037071,4
True,Eritrea,2033,153788.0,40092,0.2606989955367111,3
True,Eswatini,2031,134809.0,55566,0.41218246273578485,4
True,Eswatini,2030,61468.0,28286,0.46017318179336114,4
True,Eswatini,2030,132477.0,48974,0.36967768398712136,2
True,Eswatini,2029,60594.0,24372,0.40222297796997875,2
True,Eswatini,2029,130170.0,57744,0.4436041204259617,4
True,Eswatini,2028,59763.0,30239,0.5059787455717288,2
True,Eswatini,2028,127983.0,77295,0.6039440404227618,4
True,Eswatini,2027,58848.0,27397,0.46556250772717683,3
True,Eswatini,2027,125641.0,60160,0.47882784815278834,3
True,Eswatini,2026,57954.0,25358,0.4375481980221811,3
True,Eswatini,2026,123368.0,65662,0.5322483856750642,4
True,Eswatini,2025,56995.0,29543,0.5183437133722262,2
True,Eswatini,2025,120984.0,45277,0.3742404468900724,4
True,Eswatini,2024,56033.0,18766,0.33490394176322075,3
True,Eswatini,2024,118616.0,51746,0.4362474151424178,2
True,Eswatini,2023,55103.0,23210,0.421209087967766,2
True,Eswatini,2023,116341.0,49267,0.42347494261947366,4
True,Eritrea,2035,161090.0,46374,0.28787538550236524,3
True,Eritrea,2035,304941.0,85599,0.28070833500217124,5
True,Eritrea,2034,157402.0,37611,0.23895152002333886,2
True,Eritrea,2034,296028.0,72344,0.24438359751545852,2
True,Equatorial Guinea,2034,30861.0,19974,0.6472226150551691,3
True,Eswatini,2031,62341.0,23620,0.3788873145201163,1
True,Equatorial Guinea,2034,395858.0,223593,0.5648308780322423,7
True,Equatorial Guinea,2033,386061.0,282377,0.7314307772785646,7
True,Egypt,2033,18278879.0,8875872,0.4855807439044445,179
True,Egypt,2032,7122333.0,3388250,0.47572194170293747,71
True,Egypt,2032,18022457.0,8218507,0.45601478158559494,166
True,Egypt,2031,7044875.0,3120041,0.44288102574893534,65
True,Egypt,2031,17753568.0,7041402,0.3966189785308703,142
True,Egypt,2030,6959697.0,3348606,0.48114249661737496,68
True,Egypt,2030,17472425.0,7469404,0.4274967264260378,150
True,Egypt,2029,6863664.0,3104772,0.4523490296882371,63
True,Egypt,2029,17170948.0,7731429,0.45026218498590914,156
True,Egypt,2033,7192056.0,2832001,0.3937678954081065,58
True,Egypt,2028,6762639.0,2840520,0.42003124885231136,59
True,Egypt,2027,6644080.0,3401044,0.5118908155986731,71
True,Egypt,2027,16520247.0,7339500,0.4442730077373691,149
True,Egypt,2026,6510502.0,3370445,0.5176936187082707,69
True,Egypt,2026,16145784.0,5882608,0.3643432735454561,119
True,Egypt,2025,6378370.0,2720638,0.42654121739476475,55
True,Egypt,2025,15781422.0,8032302,0.5089720060360644,163
True,Egypt,2024,6247171.0,3383299,0.5415729382927177,69
True,Egypt,2024,15425368.0,5923161,0.3839883396489679,120
True,Egypt,2023,6126132.0,2907437,0.4745959585753253,60
True,Egypt,2028,16864130.0,6244427,0.37027861706028165,128
True,Egypt,2034,18524502.0,6915091,0.3732942914632189,139
True,Egypt,2034,7254623.0,3728034,0.5138838410949255,76
True,Egypt,2035,18761377.0,8754353,0.4666157005989796,177
True,Equatorial Guinea,2032,29385.0,19209,0.6537047390209888,1
True,Equatorial Guinea,2032,375975.0,272626,0.7251178526048014,6
True,Equatorial Guinea,2031,28619.0,19629,0.6858771127897981,1
True,Equatorial Guinea,2031,365687.0,232771,0.6365296582777722,6
True,Equatorial Guinea,2030,27836.0,15255,0.548038391111995,1
True,Equatorial Guinea,2030,355206.0,209869,0.5908370743667113,6
True,Equatorial Guinea,2029,27066.0,15213,0.5620630256788444,2
True,Equatorial Guinea,2029,344895.0,242434,0.7029212243424794,8
True,Equatorial Guinea,2028,26287.0,17988,0.684302572999922,2
True,Equatorial Guinea,2028,334482.0,201276,0.6017538269709948,6
True,Equatorial Guinea,2027,25497.0,18318,0.7184315778766175,1
True,Equatorial Guinea,2027,323961.0,221028,0.6822687974792574,5
True,Equatorial Guinea,2026,24708.0,17260,0.6985785475477178,1
True,Equatorial Guinea,2026,313455.0,199844,0.6375517925760463,7
True,Equatorial Guinea,2025,23935.0,17658,0.7377670421221603,2
True,Equatorial Guinea,2025,303182.0,228307,0.7530373962440994,6
True,Equatorial Guinea,2024,23176.0,15143,0.6533759240705055,3
True,Equatorial Guinea,2024,293093.0,207793,0.7089648592031913,6
True,Equatorial Guinea,2023,22452.0,14724,0.655783731714643,1
True,Equatorial Guinea,2023,283473.0,206243,0.7275575987761261,6
True,Egypt,2035,7310917.0,3016307,0.4125756731721723,61
True,Equatorial Guinea,2033,30135.0,17508,0.5809949270892555,1
True,Zimbabwe,2035,3065491.0,1608262,0.5246344284479761,34
True,Eswatini,2032,137157.0,57287,0.4176713557878737,2
True,Eswatini,2033,139448.0,74515,0.5343570817536283,4
True,Gambia,2028,105245.0,24035,0.22837209060901895,3
True,Gambia,2028,231861.0,52312,0.2256196887963753,4
True,Gambia,2027,101966.0,23392,0.22940615169387663,1
True,Gambia,2027,223591.0,59672,0.26688013310376013,4
True,Gambia,2026,98686.0,25927,0.26272104216506065,4
True,Gambia,2026,215365.0,66416,0.3083891030829904,4
True,Gambia,2025,95384.0,23104,0.24221613823039603,2
True,Gambia,2025,207135.0,52681,0.25432948937364497,3
True,Gambia,2024,92133.0,20251,0.21980074066420896,2
True,Gambia,2029,240123.0,64767,0.2697226071189148,4
True,Gambia,2024,199065.0,53460,0.26855729366856546,3
True,Gambia,2023,191107.0,53291,0.278853606359027,2
True,Gabon,2035,44986.0,27448,0.6101552372264761,4
True,Gabon,2035,610982.0,321632,0.5264177749936355,7
True,Gabon,2034,44221.0,31931,0.722078431032895,4
True,Gabon,2034,600272.0,406078,0.6764902088957642,10
True,Gabon,2033,43441.0,25783,0.5935146572671192,4
True,Gabon,2033,589339.0,407696,0.6917846056032572,10
True,Gabon,2032,42646.0,26490,0.6211554065238426,2
True,Gabon,2032,578214.0,404932,0.700314640460722,10
True,Gambia,2023,88910.0,21325,0.23984773069785037,1
True,Gambia,2029,108502.0,24842,0.22895077595898686,2
True,Gambia,2030,248430.0,65707,0.26448874284482066,4
True,Gambia,2030,111762.0,39538,0.3537700399322719,2
True,Ghana,2028,4505408.0,2169981,0.48163909330531424,46
True,Ghana,2027,1372849.0,589276,0.42923560430495994,14
True,Ghana,2027,4394337.0,2051825,0.4669248203747207,44
True,Ghana,2026,1344962.0,682148,0.5071877021603465,17
True,Ghana,2026,4277205.0,1608531,0.37607068771100793,35
True,Ghana,2025,1317205.0,643512,0.48854325969434836,16
True,Ghana,2025,4161438.0,1921672,0.4617807279054283,41
True,Ghana,2024,1288560.0,437393,0.33944323454960573,11
True,Ghana,2024,4043893.0,1987453,0.49147027905917445,42
True,Ghana,2023,1260775.0,553537,0.4390449735595568,12
True,Ghana,2023,3930088.0,1832782,0.46634636868820817,40
True,Gambia,2035,128723.0,42971,0.33382186561376415,4
True,Gambia,2035,291973.0,73262,0.2509209189594776,2
True,Gambia,2034,125277.0,29117,0.23242432579793457,2
True,Gambia,2034,283080.0,44291,0.1564604039487072,2
True,Gambia,2033,121854.0,24322,0.19959568445412978,3
True,Gambia,2033,274269.0,40618,0.14809377324110728,2
True,Gambia,2032,118460.0,27198,0.22959623134892243,3
True,Gambia,2032,265554.0,82338,0.31006069610819725,5
True,Gambia,2031,115104.0,26900,0.23369882339160794,2
True,Gambia,2031,256959.0,75432,0.29355623517158463,4
True,Gabon,2031,41830.0,26385,0.6307722227885088,2
True,Eswatini,2032,63208.0,25025,0.39592259981928024,3
True,Gabon,2031,566773.0,344019,0.6069793317358024,10
True,Gabon,2030,554934.0,342621,0.617408194609892,10
True,Ethiopia,2030,6470654.0,1633362,0.2524260813972414,36
True,Ethiopia,2029,4506707.0,931989,0.2068004615160092,20
True,Ethiopia,2029,6225593.0,1371998,0.22038030378805654,28
True,Ethiopia,2028,4374538.0,987087,0.2256437308117652,22
True,Ethiopia,2028,5990623.0,1302768,0.21746787154390865,29
True,Ethiopia,2027,4244282.0,1180541,0.27814846183452857,26
True,Ethiopia,2027,5761938.0,1037562,0.18007162130904292,23
True,Ethiopia,2026,4118853.0,1422944,0.34547083202350654,30
True,Ethiopia,2026,5543530.0,1642597,0.29630887737658207,34
True,Ethiopia,2030,4643294.0,967906,0.2084524941794481,22
True,Ethiopia,2025,3993697.0,722300,0.18086001345178318,17
True,Ethiopia,2024,3873194.0,931438,0.2404830660958196,21
True,Ethiopia,2024,5124018.0,1015261,0.19813769228367717,22
True,Ethiopia,2023,3750666.0,1038730,0.2769455021842329,22
True,Ethiopia,2023,4919770.0,1604614,0.3261562038634829,33
True,Eswatini,2035,65461.0,26638,0.4069357899335868,4
True,Eswatini,2035,143622.0,65185,0.45386841538238093,3
True,Eswatini,2034,64781.0,33945,0.5239972069445014,4
True,Eswatini,2034,141593.0,63660,0.44960136793416916,2
True,Eswatini,2033,64035.0,31639,0.49408198784747254,4
True,Ethiopia,2025,5328920.0,1098925,0.20621908733076214,25
True,Ethiopia,2031,6717661.0,1770257,0.26352284128899195,37
True,Ethiopia,2031,4778570.0,1182639,0.24748809452754314,27
True,Ethiopia,2032,6974993.0,1660415,0.23805259765667952,34
True,Gabon,2029,40140.0,23660,0.5894491900118772,3
True,Gabon,2029,543092.0,351215,0.6466960100676342,8
True,Gabon,2028,39254.0,22254,0.566923996886552,2
True,Gabon,2028,530685.0,361890,0.6819296229388687,8
True,Gabon,2027,38368.0,23204,0.6047841687447796,1
True,Gabon,2027,518285.0,343616,0.6629861250860741,9
True,Gabon,2026,37448.0,24431,0.6524042473330691,3
True,Gabon,2026,505407.0,287386,0.5686228781058419,7
True,Gabon,2025,36527.0,20446,0.559755894966774,3
True,Gabon,2025,492512.0,301337,0.6118370421728742,7
True,Gabon,2024,35610.0,24162,0.678529933429658,3
True,Gabon,2024,479670.0,295893,0.6168688120527077,9
True,Gabon,2023,34706.0,23502,0.6771680096189968,2
True,Gabon,2023,466991.0,264564,0.5665297359439314,6
True,Ethiopia,2035,5343138.0,1536523,0.2875693561685895,32
True,Ethiopia,2035,7779617.0,1983543,0.2549666152714613,42
True,Ethiopia,2034,5202630.0,1046365,0.20112223776007243,23
True,Ethiopia,2034,7508899.0,2065292,0.27504585938121906,44
True,Ethiopia,2033,5060367.0,1456220,0.28776956129128783,31
True,Ethiopia,2033,7239724.0,1601148,0.22116143347158335,33
True,Ethiopia,2032,4918301.0,1006392,0.2046218168979201,22
True,Gabon,2030,40984.0,26737,0.6523699335658207,2
True,Zimbabwe,2035,1302370.0,568411,0.43644381994787157,13
